Entity,Code,Year,Gas Production - Mtoe (terawatt-hours)
Africa,,1970,32.825693
Africa,,1971,40.23568299
Africa,,1972,71.06186306
Africa,,1973,106.8983086
Africa,,1974,111.260545
Africa,,1975,125.4969637
Africa,,1976,149.4959273
Africa,,1977,152.4715688
Africa,,1978,203.2352436
Africa,,1979,308.5233101
Africa,,1980,256.7789938
Africa,,1981,272.2275196
Africa,,1982,333.0577779
Africa,,1983,446.019164
Africa,,1984,469.2673838
Africa,,1985,517.5486347
Africa,,1986,543.4671368
Africa,,1987,592.2776325
Africa,,1988,632.4509795
Africa,,1989,694.7490079
Africa,,1990,720.547618
Africa,,1991,773.5993926
Africa,,1992,822.2954143
Africa,,1993,853.3003767
Africa,,1994,810.6893301
Africa,,1995,892.8769449
Africa,,1996,956.2901137
Africa,,1997,1064.541245
Africa,,1998,1139.643627
Africa,,1999,1244.097065
Africa,,2000,1388.742163
Africa,,2001,1432.160589
Africa,,2002,1492.865462
Africa,,2003,1613.824347
Africa,,2004,1691.866753
Africa,,2005,1852.922232
Africa,,2006,2015.690709
Africa,,2007,2128.941898
Africa,,2008,2218.55936
Africa,,2009,2090.000755
Africa,,2010,2232.013112
Africa,,2011,2191.547727
Africa,,2012,2243.636607
Africa,,2013,2159.367568
Africa,,2014,2167.221647
Africa,,2015,2198.430904
Africa,,2016,2180.660316
Algeria,DZA,1970,26.5164
Algeria,DZA,1971,27.94689
Algeria,DZA,1972,35.41335
Algeria,DZA,1973,46.99683
Algeria,DZA,1974,54.33536
Algeria,DZA,1975,66.90739
Algeria,DZA,1976,84.27098
Algeria,DZA,1977,80.65405
Algeria,DZA,1978,125.08065
Algeria,DZA,1979,205.02527
Algeria,DZA,1980,154.0975
Algeria,DZA,1981,178.64843
Algeria,DZA,1982,233.10009
Algeria,DZA,1983,333.79263
Algeria,DZA,1984,339.75882
Algeria,DZA,1985,373.38115
Algeria,DZA,1986,381.89431
Algeria,DZA,1987,431.0078
Algeria,DZA,1988,450.58109
Algeria,DZA,1989,485.83162
Algeria,DZA,1990,516.56971
Algeria,DZA,1991,557.03048
Algeria,DZA,1992,580.01136
Algeria,DZA,1993,587.46619
Algeria,DZA,1994,540.10883
Algeria,DZA,1995,614.91299
Algeria,DZA,1996,652.51278
Algeria,DZA,1997,748.58821
Algeria,DZA,1998,801.62101
Algeria,DZA,1999,901.06914
Algeria,DZA,2000,918.8863
Algeria,DZA,2001,864.72539
Algeria,DZA,2002,889.41588
Algeria,DZA,2003,938.57589
Algeria,DZA,2004,920.54939
Algeria,DZA,2005,923.39874
Algeria,DZA,2006,884.116089
Algeria,DZA,2007,887.884209
Algeria,DZA,2008,898.267473
Algeria,DZA,2009,832.64985
Algeria,DZA,2010,841.672404
Algeria,DZA,2011,865.6209
Algeria,DZA,2012,853.0605
Algeria,DZA,2013,862.79481
Algeria,DZA,2014,871.859232
Algeria,DZA,2015,885.5082
Algeria,DZA,2016,955.6371
Argentina,ARG,1970,63.01134
Argentina,ARG,1971,65.74625
Argentina,ARG,1972,64.595
Argentina,ARG,1973,66.8455
Argentina,ARG,1974,66.0545
Argentina,ARG,1975,75.0035
Argentina,ARG,1976,77.272
Argentina,ARG,1977,78.16125
Argentina,ARG,1978,74.0575
Argentina,ARG,1979,87.0925
Argentina,ARG,1980,99.41275
Argentina,ARG,1981,99.3835
Argentina,ARG,1982,107.84175
Argentina,ARG,1983,123.494
Argentina,ARG,1984,133.98
Argentina,ARG,1985,139.00125
Argentina,ARG,1986,162.8315
Argentina,ARG,1987,166.12375
Argentina,ARG,1988,196.417
Argentina,ARG,1989,209.06225
Argentina,ARG,1990,197.89425
Argentina,ARG,1991,212.1335
Argentina,ARG,1992,219.70675
Argentina,ARG,1993,220.33725
Argentina,ARG,1994,227.44325
Argentina,ARG,1995,250.93925
Argentina,ARG,1996,277.211
Argentina,ARG,1997,290.43125
Argentina,ARG,1998,313.47975
Argentina,ARG,1999,357.729
Argentina,ARG,2000,399.16075
Argentina,ARG,2001,398.04875
Argentina,ARG,2002,392.0655
Argentina,ARG,2003,437.51575
Argentina,ARG,2004,469.75896
Argentina,ARG,2005,477.60921
Argentina,ARG,2006,482.5287
Argentina,ARG,2007,469.23561
Argentina,ARG,2008,461.17602
Argentina,ARG,2009,433.6066405
Argentina,ARG,2010,419.7169104
Argentina,ARG,2011,405.9519856
Argentina,ARG,2012,394.9052201
Argentina,ARG,2013,371.922272
Argentina,ARG,2014,371.0755716
Argentina,ARG,2015,381.9545022
Argentina,ARG,2016,400.5745264
Asia Pacific,,1970,165.4748162
Asia Pacific,,1971,192.671388
Asia Pacific,,1972,227.3329721
Asia Pacific,,1973,270.3477424
Asia Pacific,,1974,332.7169133
Asia Pacific,,1975,384.7176205
Asia Pacific,,1976,439.6018216
Asia Pacific,,1977,533.7229282
Asia Pacific,,1978,631.7718611
Asia Pacific,,1979,717.9086959
Asia Pacific,,1980,765.9333993
Asia Pacific,,1981,771.9373951
Asia Pacific,,1982,803.8765018
Asia Pacific,,1983,901.8018497
Asia Pacific,,1984,1040.083848
Asia Pacific,,1985,1126.066032
Asia Pacific,,1986,1240.477526
Asia Pacific,,1987,1319.579885
Asia Pacific,,1988,1409.034869
Asia Pacific,,1989,1473.224562
Asia Pacific,,1990,1564.510666
Asia Pacific,,1991,1704.712023
Asia Pacific,,1992,1801.603366
Asia Pacific,,1993,1910.338664
Asia Pacific,,1994,2070.117947
Asia Pacific,,1995,2177.987425
Asia Pacific,,1996,2375.993502
Asia Pacific,,1997,2524.586031
Asia Pacific,,1998,2571.239899
Asia Pacific,,1999,2732.991605
Asia Pacific,,2000,2897.792749
Asia Pacific,,2001,2986.347595
Asia Pacific,,2002,3183.752303
Asia Pacific,,2003,3398.164708
Asia Pacific,,2004,3626.747013
Asia Pacific,,2005,3919.861321
Asia Pacific,,2006,4095.565218
Asia Pacific,,2007,4268.227344
Asia Pacific,,2008,4482.874362
Asia Pacific,,2009,4713.793325
Asia Pacific,,2010,5135.135413
Asia Pacific,,2011,5248.026419
Asia Pacific,,2012,5290.423163
Asia Pacific,,2013,5411.817921
Asia Pacific,,2014,5639.487285
Asia Pacific,,2015,5881.193546
Asia Pacific,,2016,6069.772527
Australia,AUS,1970,18.21258
Australia,AUS,1971,27.17931
Australia,AUS,1972,39.01865
Australia,AUS,1973,49.5438
Australia,AUS,1974,56.5218
Australia,AUS,1975,60.69697
Australia,AUS,1976,71.65243
Australia,AUS,1977,81.85194
Australia,AUS,1978,88.12051
Australia,AUS,1979,101.43686
Australia,AUS,1980,116.47445
Australia,AUS,1981,126.24365
Australia,AUS,1982,123.12681
Australia,AUS,1983,133.745
Australia,AUS,1984,127.4014678
Australia,AUS,1985,136.0469264
Australia,AUS,1986,148.4600221
Australia,AUS,1987,151.6072222
Australia,AUS,1988,155.1104765
Australia,AUS,1989,177.9652878
Australia,AUS,1990,205.7357952
Australia,AUS,1991,219.0992172
Australia,AUS,1992,239.2560753
Australia,AUS,1993,248.3682538
Australia,AUS,1994,283.0029944
Australia,AUS,1995,296.3264482
Australia,AUS,1996,298.5693168
Australia,AUS,1997,298.609055
Australia,AUS,1998,305.0423668
Australia,AUS,1999,309.478679
Australia,AUS,2000,314.3348794
Australia,AUS,2001,328.9774635
Australia,AUS,2002,332.6762042
Australia,AUS,2003,340.2271564
Australia,AUS,2004,362.2796553
Australia,AUS,2005,385.6410223
Australia,AUS,2006,410.5123793
Australia,AUS,2007,431.670596
Australia,AUS,2008,423.0312925
Australia,AUS,2009,480.6960692
Australia,AUS,2010,527.5181394
Australia,AUS,2011,556.5823834
Australia,AUS,2012,595.4272009
Australia,AUS,2013,617.8704361
Australia,AUS,2014,666.0323699
Australia,AUS,2015,760.1503785
Australia,AUS,2016,954.1143096
Azerbaijan,AZE,1985,133.2766429
Azerbaijan,AZE,1986,128.8246157
Azerbaijan,AZE,1987,118.4049777
Azerbaijan,AZE,1988,112.7215387
Azerbaijan,AZE,1989,105.1436202
Azerbaijan,AZE,1990,93.77674231
Azerbaijan,AZE,1991,81.46262463
Azerbaijan,AZE,1992,74.83194588
Azerbaijan,AZE,1993,64.41230785
Azerbaijan,AZE,1994,60.62334856
Azerbaijan,AZE,1995,62.51782821
Azerbaijan,AZE,1996,59.67410494
Azerbaijan,AZE,1997,56.83086908
Azerbaijan,AZE,1998,53.03988794
Azerbaijan,AZE,1999,56.83086908
Azerbaijan,AZE,2000,53.58145668
Azerbaijan,AZE,2001,52.53216725
Azerbaijan,AZE,2002,48.71862075
Azerbaijan,AZE,2003,48.57194588
Azerbaijan,AZE,2004,47.31956818
Azerbaijan,AZE,2005,54.2967338
Azerbaijan,AZE,2006,64.06561808
Azerbaijan,AZE,2007,102.6059647
Azerbaijan,AZE,2008,154.7458334
Azerbaijan,AZE,2009,154.6151143
Azerbaijan,AZE,2010,157.9304537
Azerbaijan,AZE,2011,154.9816961
Azerbaijan,AZE,2012,163.3240372
Azerbaijan,AZE,2013,169.5095133
Azerbaijan,AZE,2014,183.840775
Azerbaijan,AZE,2015,187.840525
Azerbaijan,AZE,2016,182.7754
Bahrain,BHR,1970,6.50117
Bahrain,BHR,1971,9.47845
Bahrain,BHR,1972,11.82771
Bahrain,BHR,1973,16.77046
Bahrain,BHR,1974,20.67814
Bahrain,BHR,1975,21.75973
Bahrain,BHR,1976,22.80643
Bahrain,BHR,1977,24.73701
Bahrain,BHR,1978,27.17931
Bahrain,BHR,1979,30.13333
Bahrain,BHR,1980,24.45789
Bahrain,BHR,1981,22.6785
Bahrain,BHR,1982,35.80877
Bahrain,BHR,1983,37.53001
Bahrain,BHR,1984,38.66975
Bahrain,BHR,1985,47.20617
Bahrain,BHR,1986,54.04461
Bahrain,BHR,1987,52.50945
Bahrain,BHR,1988,55.77748
Bahrain,BHR,1989,58.02207
Bahrain,BHR,1990,60.76675
Bahrain,BHR,1991,57.92903
Bahrain,BHR,1992,67.6866
Bahrain,BHR,1993,72.50142
Bahrain,BHR,1994,74.22266
Bahrain,BHR,1995,75.45544
Bahrain,BHR,1996,77.70003
Bahrain,BHR,1997,83.42199
Bahrain,BHR,1998,87.71346
Bahrain,BHR,1999,90.76052
Bahrain,BHR,2000,91.74907
Bahrain,BHR,2001,95.54045
Bahrain,BHR,2002,98.99456
Bahrain,BHR,2003,100.77395
Bahrain,BHR,2004,102.13466
Bahrain,BHR,2005,112.0992033
Bahrain,BHR,2006,118.5878835
Bahrain,BHR,2007,123.3852861
Bahrain,BHR,2008,132.4084124
Bahrain,BHR,2009,133.6856743
Bahrain,BHR,2010,136.9376243
Bahrain,BHR,2011,139.0907763
Bahrain,BHR,2012,143.8039589
Bahrain,BHR,2013,153.7859
Bahrain,BHR,2014,161.9247631
Bahrain,BHR,2015,162.592276
Bahrain,BHR,2016,161.761794
Bangladesh,BGD,1970,0
Bangladesh,BGD,1971,0
Bangladesh,BGD,1972,4.39614
Bangladesh,BGD,1973,6.08249
Bangladesh,BGD,1974,6.68725
Bangladesh,BGD,1975,6.72214
Bangladesh,BGD,1976,8.85043
Bangladesh,BGD,1977,9.87387
Bangladesh,BGD,1978,10.89731
Bangladesh,BGD,1979,12.53714
Bangladesh,BGD,1980,14.11882
Bangladesh,BGD,1981,14.80480382
Bangladesh,BGD,1982,19.22105161
Bangladesh,BGD,1983,21.38768056
Bangladesh,BGD,1984,24.68652874
Bangladesh,BGD,1985,28.03576364
Bangladesh,BGD,1986,31.61322074
Bangladesh,BGD,1987,37.14390421
Bangladesh,BGD,1988,43.71788917
Bangladesh,BGD,1989,46.21647768
Bangladesh,BGD,1990,49.74354806
Bangladesh,BGD,1991,51.22847433
Bangladesh,BGD,1992,55.86405255
Bangladesh,BGD,1993,62.5328831
Bangladesh,BGD,1994,66.32077885
Bangladesh,BGD,1995,73.32156897
Bangladesh,BGD,1996,78.69516443
Bangladesh,BGD,1997,77.35547047
Bangladesh,BGD,1998,83.58860409
Bangladesh,BGD,1999,91.13475635
Bangladesh,BGD,2000,98.50603706
Bangladesh,BGD,2001,110.3054212
Bangladesh,BGD,2002,116.0465434
Bangladesh,BGD,2003,124.8256883
Bangladesh,BGD,2004,134.1976182
Bangladesh,BGD,2005,144.2364311
Bangladesh,BGD,2006,156.1988311
Bangladesh,BGD,2007,166.7800423
Bangladesh,BGD,2008,178.0903789
Bangladesh,BGD,2009,203.8671272
Bangladesh,BGD,2010,209.3805318
Bangladesh,BGD,2011,212.9520611
Bangladesh,BGD,2012,232.0278804
Bangladesh,BGD,2013,238.732278
Bangladesh,BGD,2014,250.3627185
Bangladesh,BGD,2015,281.157896
Bangladesh,BGD,2016,288.0540485
Bolivia,BOL,1970,0.41868
Bolivia,BOL,1971,0.41868
Bolivia,BOL,1972,11.1648
Bolivia,BOL,1973,17.2124
Bolivia,BOL,1974,18.01487
Bolivia,BOL,1975,17.75901
Bolivia,BOL,1976,18.30562
Bolivia,BOL,1977,19.31743
Bolivia,BOL,1978,19.03831
Bolivia,BOL,1979,20.8177
Bolivia,BOL,1980,25.52785
Bolivia,BOL,1981,27.22583
Bolivia,BOL,1982,28.23764
Bolivia,BOL,1983,27.10953
Bolivia,BOL,1984,26.07446
Bolivia,BOL,1985,25.84186
Bolivia,BOL,1986,26.31869
Bolivia,BOL,1987,27.52821
Bolivia,BOL,1988,29.09826
Bolivia,BOL,1989,30.69157
Bolivia,BOL,1990,31.36611
Bolivia,BOL,1991,31.18003
Bolivia,BOL,1992,30.70815373
Bolivia,BOL,1993,30.63830588
Bolivia,BOL,1994,33.03689454
Bolivia,BOL,1995,33.01028146
Bolivia,BOL,1996,33.33508018
Bolivia,BOL,1997,28.09760296
Bolivia,BOL,1998,29.34556642
Bolivia,BOL,1999,23.62836909
Bolivia,BOL,2000,33.86755222
Bolivia,BOL,2001,49.32067011
Bolivia,BOL,2002,63.19080621
Bolivia,BOL,2003,72.62241767
Bolivia,BOL,2004,102.1739768
Bolivia,BOL,2005,126.0550176
Bolivia,BOL,2006,134.9895136
Bolivia,BOL,2007,144.5876947
Bolivia,BOL,2008,149.5969556
Bolivia,BOL,2009,128.8751741
Bolivia,BOL,2010,148.7561613
Bolivia,BOL,2011,163.0682809
Bolivia,BOL,2012,185.9089277
Bolivia,BOL,2013,212.3278586
Bolivia,BOL,2014,219.9352574
Bolivia,BOL,2015,212.1665855
Bolivia,BOL,2016,206.4432592
Brazil,BRA,1970,0.8247996
Brazil,BRA,1971,1.309369365
Brazil,BRA,1972,1.783629135
Brazil,BRA,1973,2.04137901
Brazil,BRA,1974,3.928108095
Brazil,BRA,1975,4.278647925
Brazil,BRA,1976,4.92817761
Brazil,BRA,1977,6.134447025
Brazil,BRA,1978,8.072726085
Brazil,BRA,1979,8.84597571
Brazil,BRA,1980,10.34092499
Brazil,BRA,1981,9.2789955
Brazil,BRA,1982,13.25865357
Brazil,BRA,1983,17.92908131
Brazil,BRA,1984,20.86742988
Brazil,BRA,1985,26.17707731
Brazil,BRA,1986,30.48665522
Brazil,BRA,1987,34.05391348
Brazil,BRA,1988,34.27042338
Brazil,BRA,1989,35.13646296
Brazil,BRA,1990,31.98987311
Brazil,BRA,1991,33.25651785
Brazil,BRA,1992,37.67374242
Brazil,BRA,1993,44.13233569
Brazil,BRA,1994,48.19736052
Brazil,BRA,1995,53.19413052
Brazil,BRA,1996,58.12922614
Brazil,BRA,1997,63.27431573
Brazil,BRA,1998,66.28119485
Brazil,BRA,1999,77.82616229
Brazil,BRA,2000,78.40778234
Brazil,BRA,2001,80.07652615
Brazil,BRA,2002,96.74289529
Brazil,BRA,2003,105.0979121
Brazil,BRA,2004,115.58996
Brazil,BRA,2005,114.325452
Brazil,BRA,2006,116.7360561
Brazil,BRA,2007,117.5421658
Brazil,BRA,2008,146.2046291
Brazil,BRA,2009,124.8565045
Brazil,BRA,2010,152.7590276
Brazil,BRA,2011,175.1982363
Brazil,BRA,2012,201.7000802
Brazil,BRA,2013,223.2273754
Brazil,BRA,2014,237.4458657
Brazil,BRA,2015,242.0917144
Brazil,BRA,2016,245.7580518
Brunei,BRN,1970,2.29111
Brunei,BRN,1971,2.26785
Brunei,BRN,1972,4.66363
Brunei,BRN,1973,20.36413
Brunei,BRN,1974,44.20563
Brunei,BRN,1975,57.96392
Brunei,BRN,1976,76.45562
Brunei,BRN,1977,87.73672
Brunei,BRN,1978,85.99222
Brunei,BRN,1979,90.08598
Brunei,BRN,1980,90.42325
Brunei,BRN,1981,87.55064
Brunei,BRN,1982,87.44597
Brunei,BRN,1983,91.20246
Brunei,BRN,1984,92.28405
Brunei,BRN,1985,89.96968
Brunei,BRN,1986,90.20228
Brunei,BRN,1987,89.99294
Brunei,BRN,1988,93.5052
Brunei,BRN,1989,91.63277
Brunei,BRN,1990,93.42379
Brunei,BRN,1991,94.83102
Brunei,BRN,1992,102.07651
Brunei,BRN,1993,108.07759
Brunei,BRN,1994,108.76376
Brunei,BRN,1995,123.10355
Brunei,BRN,1996,122.03359
Brunei,BRN,1997,122.12663
Brunei,BRN,1998,112.74122
Brunei,BRN,1999,117.52115
Brunei,BRN,2000,118.25384
Brunei,BRN,2001,119.28891
Brunei,BRN,2002,119.94019
Brunei,BRN,2003,129.31397
Brunei,BRN,2004,128.0390236
Brunei,BRN,2005,125.7053687
Brunei,BRN,2006,131.5742328
Brunei,BRN,2007,128.2623876
Brunei,BRN,2008,127.2142793
Brunei,BRN,2009,119.4699008
Brunei,BRN,2010,128.5599635
Brunei,BRN,2011,133.9646209
Brunei,BRN,2012,131.5221644
Brunei,BRN,2013,127.7651801
Brunei,BRN,2014,124.0585067
Brunei,BRN,2015,121.6477207
Brunei,BRN,2016,117.3622228
CIS,,1970,0
CIS,,1971,0
CIS,,1972,0
CIS,,1973,0
CIS,,1974,0
CIS,,1975,0
CIS,,1976,0
CIS,,1977,0
CIS,,1978,0
CIS,,1979,0
CIS,,1980,0
CIS,,1981,0
CIS,,1982,0
CIS,,1983,0
CIS,,1984,0
CIS,,1985,6083.184941
CIS,,1986,6492.706612
CIS,,1987,6882.284138
CIS,,1988,7286.023426
CIS,,1989,7532.567861
CIS,,1990,7818.123655
CIS,,1991,7663.762629
CIS,,1992,7409.970066
CIS,,1993,7203.091352
CIS,,1994,6805.871513
CIS,,1995,6618.487607
CIS,,1996,6758.027884
CIS,,1997,6334.699382
CIS,,1998,6495.856886
CIS,,1999,6647.098494
CIS,,2000,6819.857743
CIS,,2001,6851.031146
CIS,,2002,7009.39033
CIS,,2003,7325.124766
CIS,,2004,7489.865112
CIS,,2005,7619.329243
CIS,,2006,7856.531143
CIS,,2007,7936.284284
CIS,,2008,8118.248485
CIS,,2009,7017.008788
CIS,,2010,7714.784589
CIS,,2011,8108.5036
CIS,,2012,7986.749139
CIS,,2013,8144.425024
CIS,,2014,7964.042252
CIS,,2015,7929.519796
CIS,,2016,8000.350715
Canada,CAN,1970,547.66475
Canada,CAN,1971,596.38675
Canada,CAN,1972,669.71525
Canada,CAN,1973,713.85475
Canada,CAN,1974,689.0835
Canada,CAN,1975,705.8745
Canada,CAN,1976,704.88975
Canada,CAN,1977,741.747
Canada,CAN,1978,712.23325
Canada,CAN,1979,779.11325
Canada,CAN,1980,740.16475
Canada,CAN,1981,712.4505
Canada,CAN,1982,734.34975
Canada,CAN,1983,689.37825
Canada,CAN,1984,749.0615
Canada,CAN,1985,806.9962797
Canada,CAN,1986,752.5521792
Canada,CAN,1987,818.9715744
Canada,CAN,1988,951.5769507
Canada,CAN,1989,1010.250766
Canada,CAN,1990,1033.855944
Canada,CAN,1991,1101.611975
Canada,CAN,1992,1220.070155
Canada,CAN,1993,1348.345333
Canada,CAN,1994,1453.43192
Canada,CAN,1995,1551.261735
Canada,CAN,1996,1607.504066
Canada,CAN,1997,1634.635577
Canada,CAN,1998,1679.74102
Canada,CAN,1999,1697.94104
Canada,CAN,2000,1756.294565
Canada,CAN,2001,1793.52673
Canada,CAN,2002,1802.388092
Canada,CAN,2003,1742.307512
Canada,CAN,2004,1753.248668
Canada,CAN,2005,1787.13872
Canada,CAN,2006,1797.07923
Canada,CAN,2007,1731.833186
Canada,CAN,2008,1667.813873
Canada,CAN,2009,1544.910359
Canada,CAN,2010,1512.548489
Canada,CAN,2011,1511.937216
Canada,CAN,2012,1477.177356
Canada,CAN,2013,1479.991932
Canada,CAN,2014,1540.229517
Canada,CAN,2015,1560.74693
Canada,CAN,2016,1590.921783
China,CHN,1970,31.03665833
China,CHN,1971,40.44498333
China,CHN,1972,52.34056667
China,CHN,1973,64.66871667
China,CHN,1974,81.430675
China,CHN,1975,95.705375
China,CHN,1976,109.2230833
China,CHN,1977,131.0677
China,CHN,1978,148.4785083
China,CHN,1979,156.9135583
China,CHN,1980,154.3181583
China,CHN,1981,137.7724833
China,CHN,1982,129.0130083
China,CHN,1983,132.040975
China,CHN,1984,134.4200917
China,CHN,1985,139.827175
China,CHN,1986,148.8029333
China,CHN,1987,150.208775
China,CHN,1988,154.2100167
China,CHN,1989,162.7423942
China,CHN,1990,165.4351217
China,CHN,1991,167.5114417
China,CHN,1992,170.7556917
China,CHN,1993,181.2995042
China,CHN,1994,189.8859525
China,CHN,1995,194.0818492
China,CHN,1996,217.5161483
China,CHN,1997,245.5140258
China,CHN,1998,251.7429858
China,CHN,1999,272.4953717
China,CHN,2000,294.508816
China,CHN,2001,328.3881574
China,CHN,2002,353.6379573
China,CHN,2003,379.125963
China,CHN,2004,448.9093938
China,CHN,2005,534.0137796
China,CHN,2006,633.9843641
China,CHN,2007,749.6981772
China,CHN,2008,869.450659
China,CHN,2009,923.2526556
China,CHN,2010,1037.179926
China,CHN,2011,1140.539528
China,CHN,2012,1170.597646
China,CHN,2013,1279.097638
China,CHN,2014,1377.490578
China,CHN,2015,1424.618013
China,CHN,2016,1448.536271
Colombia,COL,1970,13.58384
Colombia,COL,1971,13.0045
Colombia,COL,1972,15.8855
Colombia,COL,1973,16.46
Colombia,COL,1974,17.1255
Colombia,COL,1975,14.91575
Colombia,COL,1976,15.148
Colombia,COL,1977,17.17475
Colombia,COL,1978,22.80825
Colombia,COL,1979,26.056
Colombia,COL,1980,27.84475
Colombia,COL,1981,30.519
Colombia,COL,1982,32.536
Colombia,COL,1983,35.7455
Colombia,COL,1984,36.34075
Colombia,COL,1985,37.0675
Colombia,COL,1986,36.1265
Colombia,COL,1987,38.06925
Colombia,COL,1988,36.71075
Colombia,COL,1989,37.1025
Colombia,COL,1990,39.246
Colombia,COL,1991,38.8615
Colombia,COL,1992,39.809
Colombia,COL,1993,38.97375
Colombia,COL,1994,40.2045
Colombia,COL,1995,42.149
Colombia,COL,1996,45.4685
Colombia,COL,1997,56.74
Colombia,COL,1998,64.8955
Colombia,COL,1999,56.929
Colombia,COL,2000,62.37578762
Colombia,COL,2001,64.58539321
Colombia,COL,2002,65.23449264
Colombia,COL,2003,62.52991169
Colombia,COL,2004,66.71497285
Colombia,COL,2005,70.10273836
Colombia,COL,2006,73.56460198
Colombia,COL,2007,78.92807716
Colombia,COL,2008,94.81595246
Colombia,COL,2009,109.9640695
Colombia,COL,2010,117.9197297
Colombia,COL,2011,114.6840258
Colombia,COL,2012,125.3391732
Colombia,COL,2013,132.2347592
Colombia,COL,2014,123.3283419
Colombia,COL,2015,116.1031583
Colombia,COL,2016,108.7744004
Denmark,DNK,1970,0
Denmark,DNK,1971,0
Denmark,DNK,1972,0
Denmark,DNK,1973,0
Denmark,DNK,1974,0
Denmark,DNK,1975,0
Denmark,DNK,1976,0
Denmark,DNK,1977,0
Denmark,DNK,1978,0
Denmark,DNK,1979,0
Denmark,DNK,1980,0
Denmark,DNK,1981,0
Denmark,DNK,1982,0
Denmark,DNK,1983,0
Denmark,DNK,1984,2.43067
Denmark,DNK,1985,11.7463
Denmark,DNK,1986,19.92219
Denmark,DNK,1987,25.38829
Denmark,DNK,1988,25.07428
Denmark,DNK,1989,32.15695
Denmark,DNK,1990,32.83149
Denmark,DNK,1991,41.25376902
Denmark,DNK,1992,42.97142326
Denmark,DNK,1993,47.142064
Denmark,DNK,1994,51.07861878
Denmark,DNK,1995,55.30697623
Denmark,DNK,1996,67.20488937
Denmark,DNK,1997,82.2692394
Denmark,DNK,1998,79.18473548
Denmark,DNK,1999,81.17575083
Denmark,DNK,2000,85.33728854
Denmark,DNK,2001,87.73554917
Denmark,DNK,2002,87.73861787
Denmark,DNK,2003,83.36683952
Denmark,DNK,2004,98.70838993
Denmark,DNK,2005,109.1300939
Denmark,DNK,2006,108.4295902
Denmark,DNK,2007,96.15170569
Denmark,DNK,2008,104.9011562
Denmark,DNK,2009,87.56751929
Denmark,DNK,2010,85.35938767
Denmark,DNK,2011,68.57122942
Denmark,DNK,2012,59.91194953
Denmark,DNK,2013,49.73585406
Denmark,DNK,2014,48.00654328
Denmark,DNK,2015,47.93545262
Denmark,DNK,2016,47.0045843
Egypt,EGY,1970,0.889695
Egypt,EGY,1971,0.889695
Egypt,EGY,1972,0.743157
Egypt,EGY,1973,0.596619
Egypt,EGY,1974,0.62802
Egypt,EGY,1975,0.52335
Egypt,EGY,1976,3.97746
Egypt,EGY,1977,4.81482
Egypt,EGY,1978,7.74558
Egypt,EGY,1979,11.72304
Egypt,EGY,1980,22.81806
Egypt,EGY,1981,25.53948
Egypt,EGY,1982,27.94689
Egypt,EGY,1983,32.76171
Egypt,EGY,1984,42.07734
Egypt,EGY,1985,51.60231
Egypt,EGY,1986,59.45256
Egypt,EGY,1987,65.73276
Egypt,EGY,1988,72.43164
Egypt,EGY,1989,81.01458
Egypt,EGY,1990,84.46869
Egypt,EGY,1991,95.04036
Egypt,EGY,1992,102.78594
Egypt,EGY,1993,118.17243
Egypt,EGY,1994,126.6507
Egypt,EGY,1995,130.8375
Egypt,EGY,1996,139.2111
Egypt,EGY,1997,142.3512
Egypt,EGY,1998,146.538
Egypt,EGY,1999,175.8456
Egypt,EGY,2000,219.807
Egypt,EGY,2001,263.7684
Egypt,EGY,2002,285.7491
Egypt,EGY,2003,315.0567
Egypt,EGY,2004,345.411
Egypt,EGY,2005,444.8475
Egypt,EGY,2006,572.5449
Egypt,EGY,2007,582.90723
Egypt,EGY,2008,617.23899
Egypt,EGY,2009,656.17623
Egypt,EGY,2010,641.83644
Egypt,EGY,2011,643.1716576
Egypt,EGY,2012,637.2438082
Egypt,EGY,2013,586.8570885
Egypt,EGY,2014,510.6922569
Egypt,EGY,2015,463.16475
Egypt,EGY,2016,437.72994
Europe & Eurasia,,1970,2947.998995
Europe & Eurasia,,1971,3319.847517
Europe & Eurasia,,1972,3666.858588
Europe & Eurasia,,1973,4003.05702
Europe & Eurasia,,1974,4428.627201
Europe & Eurasia,,1975,4776.578095
Europe & Eurasia,,1976,5212.229502
Europe & Eurasia,,1977,5519.527377
Europe & Eurasia,,1978,5831.424163
Europe & Eurasia,,1979,6234.740645
Europe & Eurasia,,1980,6473.330712
Europe & Eurasia,,1981,6725.034194
Europe & Eurasia,,1982,6900.503084
Europe & Eurasia,,1983,7269.716917
Europe & Eurasia,,1984,7803.300966
Europe & Eurasia,,1985,8384.686016
Europe & Eurasia,,1986,8740.408143
Europe & Eurasia,,1987,9188.204856
Europe & Eurasia,,1988,9480.996758
Europe & Eurasia,,1989,9749.198675
Europe & Eurasia,,1990,9987.263806
Europe & Eurasia,,1991,9968.637514
Europe & Eurasia,,1992,9714.4332
Europe & Eurasia,,1993,9623.920751
Europe & Eurasia,,1994,9240.755015
Europe & Eurasia,,1995,9140.392388
Europe & Eurasia,,1996,9617.897518
Europe & Eurasia,,1997,9151.02357
Europe & Eurasia,,1998,9308.228631
Europe & Eurasia,,1999,9541.365146
Europe & Eurasia,,2000,9785.401689
Europe & Eurasia,,2001,9866.665074
Europe & Eurasia,,2002,10093.79293
Europe & Eurasia,,2003,10446.25735
Europe & Eurasia,,2004,10714.56005
Europe & Eurasia,,2005,10746.93433
Europe & Eurasia,,2006,10909.19979
Europe & Eurasia,,2007,10862.34368
Europe & Eurasia,,2008,11165.30027
Europe & Eurasia,,2009,9922.104965
Europe & Eurasia,,2010,10688.05216
Europe & Eurasia,,2011,10806.80632
Europe & Eurasia,,2012,10733.92487
Europe & Eurasia,,2013,10809.4187
Europe & Eurasia,,2014,10500.83271
Europe & Eurasia,,2015,10418.98911
Europe & Eurasia,,2016,10468.40097
European Union,,1970,1062.14597
European Union,,1971,1295.047357
European Union,,1972,1553.887713
European Union,,1973,1746.749342
European Union,,1974,1940.639976
European Union,,1975,2017.198979
European Union,,1976,2149.507568
European Union,,1977,2190.011789
European Union,,1978,2132.513065
European Union,,1979,2142.949248
European Union,,1980,2063.594955
European Union,,1981,2032.836421
European Union,,1982,1882.612572
European Union,,1983,1924.330433
European Union,,1984,1945.123333
European Union,,1985,1999.024997
European Union,,1986,1942.741054
European Union,,1987,1979.453958
European Union,,1988,1864.310914
European Union,,1989,1882.79052
European Union,,1990,1890.725821
European Union,,1991,2031.335967
European Union,,1992,2021.952209
European Union,,1993,2148.225929
European Union,,1994,2142.782379
European Union,,1995,2219.255228
European Union,,1996,2459.177279
European Union,,1997,2357.021777
European Union,,1998,2336.563547
European Union,,1999,2372.64208
European Union,,2000,2429.71147
European Union,,2001,2441.276365
European Union,,2002,2389.774029
European Union,,2003,2347.980738
European Union,,2004,2385.805774
European Union,,2005,2217.293681
European Union,,2006,2112.830393
European Union,,2007,1968.989551
European Union,,2008,1986.416148
European Union,,2009,1802.709609
European Union,,2010,1839.728285
European Union,,2011,1625.46925
European Union,,2012,1534.596482
European Union,,2013,1515.971655
European Union,,2014,1387.177857
European Union,,2015,1253.48413
European Union,,2016,1237.146065
Germany,DEU,1970,115.64872
Germany,DEU,1971,144.42134
Germany,DEU,1972,172.48453
Germany,DEU,1973,193.83721
Germany,DEU,1974,203.45522
Germany,DEU,1975,185.1496
Germany,DEU,1976,194.98858
Germany,DEU,1977,197.77978
Germany,DEU,1978,211.50318
Germany,DEU,1979,212.16609
Germany,DEU,1980,193.8721
Germany,DEU,1981,200.37327
Germany,DEU,1982,142.1879645
Germany,DEU,1983,151.2632308
Germany,DEU,1984,158.1664129
Germany,DEU,1985,143.5422194
Germany,DEU,1986,123.4834188
Germany,DEU,1987,147.7105103
Germany,DEU,1988,137.4656603
Germany,DEU,1989,132.6993868
Germany,DEU,1990,134.2119312
Germany,DEU,1991,153.9805343
Germany,DEU,1992,156.1877938
Germany,DEU,1993,155.4315216
Germany,DEU,1994,162.9502742
Germany,DEU,1995,168.147447
Germany,DEU,1996,182.0945131
Germany,DEU,1997,178.9990734
Germany,DEU,1998,174.9011335
Germany,DEU,1999,186.8168173
Germany,DEU,2000,176.6862876
Germany,DEU,2001,178.3659153
Germany,DEU,2002,177.8998406
Germany,DEU,2003,185.1899527
Germany,DEU,2004,171.3660007
Germany,DEU,2005,165.456525
Germany,DEU,2006,163.4515243
Germany,DEU,2007,149.7243048
Germany,DEU,2008,136.3752214
Germany,DEU,2009,127.4846263
Germany,DEU,2010,111.2599497
Germany,DEU,2011,104.6733467
Germany,DEU,2012,94.63075555
Germany,DEU,2013,86.05673951
Germany,DEU,2014,80.84197898
Germany,DEU,2015,75.25787622
Germany,DEU,2016,69.24287419
India,IND,1970,6.882083714
India,IND,1971,7.29288225
India,IND,1972,7.99940475
India,IND,1973,7.97847075
India,IND,1974,9.03040425
India,IND,1975,11.5608015
India,IND,1976,14.04409725
India,IND,1977,14.999211
India,IND,1978,16.7524335
India,IND,1979,20.8345635
India,IND,1980,12.32227575
India,IND,1981,21.51230175
India,IND,1982,28.2033315
India,IND,1983,33.557202
India,IND,1984,38.43220725
India,IND,1985,47.00991375
India,IND,1986,65.68408845
India,IND,1987,75.66364026
India,IND,1988,88.63497468
India,IND,1989,105.3818607
India,IND,1990,126.0687348
India,IND,1991,140.4024539
India,IND,1992,156.9744364
India,IND,1993,159.5016935
India,IND,1994,172.4408942
India,IND,1995,196.5928687
India,IND,1996,214.5786288
India,IND,1997,233.2932062
India,IND,1998,256.0241807
India,IND,1999,262.3369331
India,IND,2000,275.814347
India,IND,2001,276.5218115
India,IND,2002,288.774063
India,IND,2003,309.1369835
India,IND,2004,305.9926967
India,IND,2005,310.063941
India,IND,2006,306.526095
India,IND,2007,314.983431
India,IND,2008,319.630779
India,IND,2009,393.1308428
India,IND,2010,515.7787494
India,IND,2011,465.9029796
India,IND,2012,406.9348927
India,IND,2013,336.4068534
India,IND,2014,319.3589845
India,IND,2015,306.6485843
India,IND,2016,289.1888656
Indonesia,IDN,1970,12.96745
Indonesia,IDN,1971,13.11864
Indonesia,IDN,1972,12.86278
Indonesia,IDN,1973,8.3736
Indonesia,IDN,1974,11.79282
Indonesia,IDN,1975,24.38811
Indonesia,IDN,1976,24.59745
Indonesia,IDN,1977,59.24322
Indonesia,IDN,1978,113.88096
Indonesia,IDN,1979,165.16926
Indonesia,IDN,1980,193.74417
Indonesia,IDN,1981,196.46559
Indonesia,IDN,1982,199.71036
Indonesia,IDN,1983,227.86659
Indonesia,IDN,1984,307.20645
Indonesia,IDN,1985,338.0841
Indonesia,IDN,1986,351.79587
Indonesia,IDN,1987,375.86997
Indonesia,IDN,1988,410.51574
Indonesia,IDN,1989,431.86842
Indonesia,IDN,1990,459.308739
Indonesia,IDN,1991,504.3672113
Indonesia,IDN,1992,534.4984697
Indonesia,IDN,1993,555.2930689
Indonesia,IDN,1994,632.6944802
Indonesia,IDN,1995,635.5524191
Indonesia,IDN,1996,669.6691681
Indonesia,IDN,1997,687.5115128
Indonesia,IDN,1998,676.0394425
Indonesia,IDN,1999,733.0904722
Indonesia,IDN,2000,728.9200736
Indonesia,IDN,2001,707.6980765
Indonesia,IDN,2002,779.510415
Indonesia,IDN,2003,816.2903492
Indonesia,IDN,2004,780.5875052
Indonesia,IDN,2005,786.5180221
Indonesia,IDN,2006,777.5186576
Indonesia,IDN,2007,748.458858
Indonesia,IDN,2008,771.669945
Indonesia,IDN,2009,804.814922
Indonesia,IDN,2010,897.1767432
Indonesia,IDN,2011,852.6123571
Indonesia,IDN,2012,807.4498511
Indonesia,IDN,2013,800.4795894
Indonesia,IDN,2014,787.8565305
Indonesia,IDN,2015,785.4086251
Indonesia,IDN,2016,729.4827753
Iran,IRN,1970,38.73680819
Iran,IRN,1971,93.69211424
Iran,IRN,1972,126.3402298
Iran,IRN,1973,139.6131216
Iran,IRN,1974,144.8647122
Iran,IRN,1975,150.9137784
Iran,IRN,1976,153.7497991
Iran,IRN,1977,156.1284225
Iran,IRN,1978,97.80373637
Iran,IRN,1979,94.20371928
Iran,IRN,1980,50.26159282
Iran,IRN,1981,54.6128116
Iran,IRN,1982,74.79391812
Iran,IRN,1983,85.47932896
Iran,IRN,1984,99.50433934
Iran,IRN,1985,107.3456298
Iran,IRN,1986,103.1237732
Iran,IRN,1987,126.2441764
Iran,IRN,1988,137.0569444
Iran,IRN,1989,173.0666115
Iran,IRN,1990,273.9266235
Iran,IRN,1991,323.5925385
Iran,IRN,1992,342.4844268
Iran,IRN,1993,182.9997945
Iran,IRN,1994,290.698421
Iran,IRN,1995,353.1628602
Iran,IRN,1996,415.3485632
Iran,IRN,1997,436.4105747
Iran,IRN,1998,492.838695
Iran,IRN,1999,587.1275244
Iran,IRN,2000,624.3253583
Iran,IRN,2001,693.794628
Iran,IRN,2002,825.0272573
Iran,IRN,2003,865.371262
Iran,IRN,2004,1008.911618
Iran,IRN,2005,1070.665243
Iran,IRN,2006,1166.688455
Iran,IRN,2007,1307.84223
Iran,IRN,2008,1369.380863
Iran,IRN,2009,1504.229317
Iran,IRN,2010,1594.820156
Iran,IRN,2011,1673.237873
Iran,IRN,2012,1739.170553
Iran,IRN,2013,1745.734408
Iran,IRN,2014,1945.210307
Iran,IRN,2015,1982.167524
Iran,IRN,2016,2118.941658
Iraq,IRQ,1970,8.21078
Iraq,IRQ,1971,9.68779
Iraq,IRQ,1972,9.79246
Iraq,IRQ,1973,9.52497
Iraq,IRQ,1974,8.74576
Iraq,IRQ,1975,13.59547
Iraq,IRQ,1976,18.86386
Iraq,IRQ,1977,12.3278
Iraq,IRQ,1978,12.78137
Iraq,IRQ,1979,18.32888
Iraq,IRQ,1980,13.40939
Iraq,IRQ,1981,6.48954
Iraq,IRQ,1982,7.11756
Iraq,IRQ,1983,4.91949
Iraq,IRQ,1984,6.17553
Iraq,IRQ,1985,8.89695
Iraq,IRQ,1986,16.22385
Iraq,IRQ,1987,39.25125
Iraq,IRQ,1988,58.6152
Iraq,IRQ,1989,67.51215
Iraq,IRQ,1990,41.65866
Iraq,IRQ,1991,18.21258
Iraq,IRQ,1992,23.76009
Iraq,IRQ,1993,26.69085
Iraq,IRQ,1994,33.18039
Iraq,IRQ,1995,33.18039
Iraq,IRQ,1996,33.91308
Iraq,IRQ,1997,31.92435
Iraq,IRQ,1998,30.87765
Iraq,IRQ,1999,33.28506
Iraq,IRQ,2000,32.97105
Iraq,IRQ,2001,28.88892
Iraq,IRQ,2002,24.70212
Iraq,IRQ,2003,16.32852
Iraq,IRQ,2004,10.467
Iraq,IRQ,2005,15.17715
Iraq,IRQ,2006,15.17715
Iraq,IRQ,2007,15.28182
Iraq,IRQ,2008,19.67796
Iraq,IRQ,2009,12.026583
Iraq,IRQ,2010,13.638501
Iraq,IRQ,2011,9.169092
Iraq,IRQ,2012,6.761682
Iraq,IRQ,2013,12.3401186
Iraq,IRQ,2014,9.466486684
Iraq,IRQ,2015,10.48642675
Iraq,IRQ,2016,11.83907971
Italy,ITA,1970,125.8155
Italy,ITA,1971,128.202
Italy,ITA,1972,135.87325
Italy,ITA,1973,146.7525
Italy,ITA,1974,146.4845
Italy,ITA,1975,139.61825
Italy,ITA,1976,150.02875
Italy,ITA,1977,131.612
Italy,ITA,1978,131.455
Italy,ITA,1979,128.2585
Italy,ITA,1980,119.35625
Italy,ITA,1981,133.75875
Italy,ITA,1982,137.34075
Italy,ITA,1983,123.1495
Italy,ITA,1984,130.33925
Italy,ITA,1985,134.19225
Italy,ITA,1986,150.37625
Italy,ITA,1987,154.11825
Italy,ITA,1988,156.64075
Italy,ITA,1989,160.11275
Italy,ITA,1990,163.166
Italy,ITA,1991,164.11075
Italy,ITA,1992,171.35075
Italy,ITA,1993,182.3775
Italy,ITA,1994,192.42625
Italy,ITA,1995,190.112
Italy,ITA,1996,190.30875
Italy,ITA,1997,184.85885
Italy,ITA,1998,182.38166
Italy,ITA,1999,167.68134
Italy,ITA,2000,159.58686
Italy,ITA,2001,146.24725
Italy,ITA,2002,140.30432
Italy,ITA,2003,133.22165
Italy,ITA,2004,124.35959
Italy,ITA,2005,115.82317
Italy,ITA,2006,105.34454
Italy,ITA,2007,92.44975264
Italy,ITA,2008,88.1517795
Italy,ITA,2009,76.32394863
Italy,ITA,2010,80.06565047
Italy,ITA,2011,80.47827226
Italy,ITA,2012,81.95804097
Italy,ITA,2013,73.67495028
Italy,ITA,2014,68.09556247
Italy,ITA,2015,64.49687846
Italy,ITA,2016,55.0976339
Kazakhstan,KAZ,1985,45.38359615
Kazakhstan,KAZ,1986,48.44465982
Kazakhstan,KAZ,1987,52.49557832
Kazakhstan,KAZ,1988,59.34138103
Kazakhstan,KAZ,1989,55.81450333
Kazakhstan,KAZ,1990,59.17501888
Kazakhstan,KAZ,1991,60.65650196
Kazakhstan,KAZ,1992,56.88932919
Kazakhstan,KAZ,1993,51.30061424
Kazakhstan,KAZ,1994,31.72211438
Kazakhstan,KAZ,1995,39.93184191
Kazakhstan,KAZ,1996,34.53257493
Kazakhstan,KAZ,1997,56.16374349
Kazakhstan,KAZ,1998,49.33603885
Kazakhstan,KAZ,1999,65.59541039
Kazakhstan,KAZ,2000,82.2990374
Kazakhstan,KAZ,2001,83.96049604
Kazakhstan,KAZ,2002,89.57724929
Kazakhstan,KAZ,2003,107.9736886
Kazakhstan,KAZ,2004,127.250161
Kazakhstan,KAZ,2005,134.235439
Kazakhstan,KAZ,2006,139.7775261
Kazakhstan,KAZ,2007,144.6163113
Kazakhstan,KAZ,2008,167.9983579
Kazakhstan,KAZ,2009,172.9330098
Kazakhstan,KAZ,2010,184.274424
Kazakhstan,KAZ,2011,181.2950815
Kazakhstan,KAZ,2012,179.686008
Kazakhstan,KAZ,2013,193.0892771
Kazakhstan,KAZ,2014,196.1566321
Kazakhstan,KAZ,2015,199.0057768
Kazakhstan,KAZ,2016,208.5842847
Kuwait,KWT,1970,21.31779
Kuwait,KWT,1971,22.02722
Kuwait,KWT,1972,26.02794
Kuwait,KWT,1973,29.15641
Kuwait,KWT,1974,30.67994
Kuwait,KWT,1975,33.62233
Kuwait,KWT,1976,40.44914
Kuwait,KWT,1977,44.10096
Kuwait,KWT,1978,49.41587
Kuwait,KWT,1979,65.43038
Kuwait,KWT,1980,42.61232
Kuwait,KWT,1981,49.03208
Kuwait,KWT,1982,38.47204
Kuwait,KWT,1983,42.24016
Kuwait,KWT,1984,45.79894
Kuwait,KWT,1985,43.9614
Kuwait,KWT,1986,59.97591
Kuwait,KWT,1987,50.03226
Kuwait,KWT,1988,71.59428
Kuwait,KWT,1989,85.41072
Kuwait,KWT,1990,43.85673
Kuwait,KWT,1991,5.2335
Kuwait,KWT,1992,27.42354
Kuwait,KWT,1993,56.73114
Kuwait,KWT,1994,62.48799
Kuwait,KWT,1995,97.1105
Kuwait,KWT,1996,97.36636
Kuwait,KWT,1997,97.02909
Kuwait,KWT,1998,99.34346
Kuwait,KWT,1999,90.43488
Kuwait,KWT,2000,100.4832
Kuwait,KWT,2001,99.4365
Kuwait,KWT,2002,91.16757
Kuwait,KWT,2003,104.67
Kuwait,KWT,2004,114.0903
Kuwait,KWT,2005,128.7441
Kuwait,KWT,2006,129.89547
Kuwait,KWT,2007,117.85842
Kuwait,KWT,2008,132.9309
Kuwait,KWT,2009,120.255363
Kuwait,KWT,2010,122.809311
Kuwait,KWT,2011,141.649911
Kuwait,KWT,2012,162.395505
Kuwait,KWT,2013,170.729315
Kuwait,KWT,2014,157.3061991
Kuwait,KWT,2015,176.986503
Kuwait,KWT,2016,179.2273353
Libya,LBY,1970,3.077298
Libya,LBY,1971,7.410636
Libya,LBY,1972,29.642544
Libya,LBY,1973,47.425977
Libya,LBY,1974,42.653025
Libya,LBY,1975,48.514545
Libya,LBY,1976,50.021793
Libya,LBY,1977,52.868817
Libya,LBY,1978,53.601507
Libya,LBY,1979,71.018595
Libya,LBY,1980,54.11439
Libya,LBY,1981,32.97105
Libya,LBY,1982,35.06445
Libya,LBY,1983,38.83257
Libya,LBY,1984,48.1482
Libya,LBY,1985,54.4284
Libya,LBY,1986,58.6152
Libya,LBY,1987,52.335
Libya,LBY,1988,57.5685
Libya,LBY,1989,71.1756
Libya,LBY,1990,64.8954
Libya,LBY,1991,68.45418
Libya,LBY,1992,70.86159
Libya,LBY,1993,66.57012
Libya,LBY,1994,66.88413
Libya,LBY,1995,66.36078
Libya,LBY,1996,67.19814
Libya,LBY,1997,68.76819
Libya,LBY,1998,66.57012
Libya,LBY,1999,54.4284
Libya,LBY,2000,61.54596
Libya,LBY,2001,64.68606
Libya,LBY,2002,61.7553
Libya,LBY,2003,57.5685
Libya,LBY,2004,84.36402
Libya,LBY,2005,118.2771
Libya,LBY,2006,138.112065
Libya,LBY,2007,159.93576
Libya,LBY,2008,166.4253
Libya,LBY,2009,166.4253
Libya,LBY,2010,175.992138
Libya,LBY,2011,82.218285
Libya,LBY,2012,115.9
Libya,LBY,2013,121.6
Libya,LBY,2014,118.275
Libya,LBY,2015,123.5132353
Libya,LBY,2016,105.6094535
Malaysia,MYS,1970,0
Malaysia,MYS,1971,0.82874915
Malaysia,MYS,1972,1.160509398
Malaysia,MYS,1973,1.160509398
Malaysia,MYS,1974,2.419262547
Malaysia,MYS,1975,2.916263083
Malaysia,MYS,1976,3.471767802
Malaysia,MYS,1977,3.176757349
Malaysia,MYS,1978,23.65559453
Malaysia,MYS,1979,29.35411599
Malaysia,MYS,1980,26.10935
Malaysia,MYS,1981,21.99233
Malaysia,MYS,1982,27.66777
Malaysia,MYS,1983,66.72131
Malaysia,MYS,1984,101.35545
Malaysia,MYS,1985,111.98527
Malaysia,MYS,1986,150.6085
Malaysia,MYS,1987,162.84326
Malaysia,MYS,1988,168.11165
Malaysia,MYS,1989,181.95135
Malaysia,MYS,1990,180.11381
Malaysia,MYS,1991,213.8757
Malaysia,MYS,1992,221.67943
Malaysia,MYS,1993,241.24109
Malaysia,MYS,1994,248.17257
Malaysia,MYS,1995,281.02732
Malaysia,MYS,1996,356.99448
Malaysia,MYS,1997,406.52665
Malaysia,MYS,1998,407.93388
Malaysia,MYS,1999,414.78395
Malaysia,MYS,2000,488.04132
Malaysia,MYS,2001,481.70297
Malaysia,MYS,2002,496.8336
Malaysia,MYS,2003,519.98893
Malaysia,MYS,2004,593.22304
Malaysia,MYS,2005,668.8468778
Malaysia,MYS,2006,656.3594104
Malaysia,MYS,2007,644.1073267
Malaysia,MYS,2008,667.4131695
Malaysia,MYS,2009,639.3229134
Malaysia,MYS,2010,588.3573475
Malaysia,MYS,2011,650.9000944
Malaysia,MYS,2012,644.18462
Malaysia,MYS,2013,704.0574335
Malaysia,MYS,2014,715.5276396
Malaysia,MYS,2015,745.5966038
Malaysia,MYS,2016,772.9181809
Mexico,MEX,1970,117.7263889
Mexico,MEX,1971,116.5341667
Mexico,MEX,1972,121.4036111
Mexico,MEX,1973,132.0036111
Mexico,MEX,1974,138.4375
Mexico,MEX,1975,140.5947222
Mexico,MEX,1976,138.1436111
Mexico,MEX,1977,146.3788889
Mexico,MEX,1978,183.2583333
Mexico,MEX,1979,222.6141667
Mexico,MEX,1980,269.0794444
Mexico,MEX,1981,289.6741667
Mexico,MEX,1982,309.5791667
Mexico,MEX,1983,311.7241667
Mexico,MEX,1984,306.6661111
Mexico,MEX,1985,297.9472222
Mexico,MEX,1986,264.9208333
Mexico,MEX,1987,269.2486111
Mexico,MEX,1988,272.8163889
Mexico,MEX,1989,261.8516667
Mexico,MEX,1990,283.8641667
Mexico,MEX,1991,287.8330556
Mexico,MEX,1992,278.6880556
Mexico,MEX,1993,298.4111111
Mexico,MEX,1994,317.9194444
Mexico,MEX,1995,313.9277778
Mexico,MEX,1996,342.2555556
Mexico,MEX,1997,361.7583333
Mexico,MEX,1998,391.7861111
Mexico,MEX,1999,393.3638889
Mexico,MEX,2000,401.0973703
Mexico,MEX,2001,402.5349647
Mexico,MEX,2002,415.9144339
Mexico,MEX,2003,435.6506142
Mexico,MEX,2004,453.9028917
Mexico,MEX,2005,546.6760219
Mexico,MEX,2006,599.7809725
Mexico,MEX,2007,560.5085992
Mexico,MEX,2008,558.7337433
Mexico,MEX,2009,620.4133256
Mexico,MEX,2010,602.5045333
Mexico,MEX,2011,609.7111275
Mexico,MEX,2012,598.6334119
Mexico,MEX,2013,609.0511053
Mexico,MEX,2014,597.2914708
Mexico,MEX,2015,565.8354208
Mexico,MEX,2016,493.8168792
Middle East,,1970,112.3387866
Middle East,,1971,176.2404993
Middle East,,1972,218.4705749
Middle East,,1973,249.1752948
Middle East,,1974,261.2770219
Middle East,,1975,287.2294082
Middle East,,1976,299.1706873
Middle East,,1977,338.3933966
Middle East,,1978,327.0218585
Middle East,,1979,398.5708456
Middle East,,1980,370.4124954
Middle East,,1981,400.642551
Middle East,,1982,446.976227
Middle East,,1983,451.2234422
Middle East,,1984,577.9455118
Middle East,,1985,625.090867
Middle East,,1986,748.5161655
Middle East,,1987,818.6832832
Middle East,,1988,910.551742
Middle East,,1989,1021.862501
Middle East,,1990,1099.715424
Middle East,,1991,1157.482487
Middle East,,1992,1285.148601
Middle East,,1993,1197.788416
Middle East,,1994,1392.753371
Middle East,,1995,1560.16881
Middle East,,1996,1674.994937
Middle East,,1997,1797.744432
Middle East,,1998,1919.723781
Middle East,,1999,2047.958637
Middle East,,2000,2204.73902
Middle East,,2001,2462.010351
Middle East,,2002,2644.798929
Middle East,,2003,2784.560662
Middle East,,2004,3099.725169
Middle East,,2005,3360.856863
Middle East,,2006,3596.1389
Middle East,,2007,3892.202359
Middle East,,2008,4193.760038
Middle East,,2009,4419.364472
Middle East,,2010,5185.128808
Middle East,,2011,5535.295918
Middle East,,2012,5805.611224
Middle East,,2013,6146.127573
Middle East,,2014,6307.536584
Middle East,,2015,6446.132632
Middle East,,2016,6675.876627
Myanmar,MMR,1970,0.0785025
Myanmar,MMR,1971,0.1517715
Myanmar,MMR,1972,0.1622385
Myanmar,MMR,1973,0.19625625
Myanmar,MMR,1974,1.75583925
Myanmar,MMR,1975,1.88406
Myanmar,MMR,1976,2.61675
Myanmar,MMR,1977,2.40741
Myanmar,MMR,1978,2.82609
Myanmar,MMR,1979,2.82609
Myanmar,MMR,1980,3.66345
Myanmar,MMR,1981,4.39614
Myanmar,MMR,1982,4.71015
Myanmar,MMR,1983,6.2802
Myanmar,MMR,1984,6.69888
Myanmar,MMR,1985,9.62964
Myanmar,MMR,1986,11.19969
Myanmar,MMR,1987,12.45573
Myanmar,MMR,1988,10.88568
Myanmar,MMR,1989,11.40903
Myanmar,MMR,1990,8.89695
Myanmar,MMR,1991,9.00162
Myanmar,MMR,1992,9.10629
Myanmar,MMR,1993,11.5137
Myanmar,MMR,1994,14.96781
Myanmar,MMR,1995,17.16588
Myanmar,MMR,1996,16.7472
Myanmar,MMR,1997,15.80517
Myanmar,MMR,1998,18.42192
Myanmar,MMR,1999,18.00324
Myanmar,MMR,2000,35.5878
Myanmar,MMR,2001,73.269
Myanmar,MMR,2002,87.9228
Myanmar,MMR,2003,100.4832
Myanmar,MMR,2004,106.7634
Myanmar,MMR,2005,127.6974
Myanmar,MMR,2006,131.8842
Myanmar,MMR,2007,141.51384
Myanmar,MMR,2008,129.7908
Myanmar,MMR,2009,120.9417614
Myanmar,MMR,2010,130.0558298
Myanmar,MMR,2011,133.7008644
Myanmar,MMR,2012,133.2862113
Myanmar,MMR,2013,137.0132103
Myanmar,MMR,2014,176.2418206
Myanmar,MMR,2015,204.7236934
Myanmar,MMR,2016,197.374325
Netherlands,NLD,1970,279.1666667
Netherlands,NLD,1971,385.8333333
Netherlands,NLD,1972,514.4444444
Netherlands,NLD,1973,625.5555556
Netherlands,NLD,1974,741.6666667
Netherlands,NLD,1975,803.3333333
Netherlands,NLD,1976,858.3333333
Netherlands,NLD,1977,861.1111111
Netherlands,NLD,1978,788.3333333
Netherlands,NLD,1979,826.6666667
Netherlands,NLD,1980,799.4444444
Netherlands,NLD,1981,742.2222222
Netherlands,NLD,1982,634.7222222
Netherlands,NLD,1983,675.8333333
Netherlands,NLD,1984,684.1666667
Netherlands,NLD,1985,716.3888889
Netherlands,NLD,1986,655
Netherlands,NLD,1987,656.1111111
Netherlands,NLD,1988,579.1666667
Netherlands,NLD,1989,633.0555556
Netherlands,NLD,1990,638.8888889
Netherlands,NLD,1991,721.6666667
Netherlands,NLD,1992,726.6666667
Netherlands,NLD,1993,741.1111111
Netherlands,NLD,1994,700
Netherlands,NLD,1995,707.7777778
Netherlands,NLD,1996,801.1111111
Netherlands,NLD,1997,709.4444444
Netherlands,NLD,1998,676.6666667
Netherlands,NLD,1999,629.4444444
Netherlands,NLD,2000,606.9444444
Netherlands,NLD,2001,651.6666667
Netherlands,NLD,2002,630.5555556
Netherlands,NLD,2003,607.2222222
Netherlands,NLD,2004,716.1111111
Netherlands,NLD,2005,654.1666667
Netherlands,NLD,2006,644.1666667
Netherlands,NLD,2007,633.0555556
Netherlands,NLD,2008,696.3888889
Netherlands,NLD,2009,656.1111111
Netherlands,NLD,2010,737.7777778
Netherlands,NLD,2011,671.3888889
Netherlands,NLD,2012,667.7777778
Netherlands,NLD,2013,718.3333333
Netherlands,NLD,2014,606.1111111
Netherlands,NLD,2015,453.6111111
Netherlands,NLD,2016,420.2777778
Nigeria,NGA,1970,1.163
Nigeria,NGA,1971,2.15155
Nigeria,NGA,1972,2.88424
Nigeria,NGA,1973,4.4194
Nigeria,NGA,1974,4.12865
Nigeria,NGA,1975,3.69834
Nigeria,NGA,1976,6.8617
Nigeria,NGA,1977,9.03651
Nigeria,NGA,1978,10.94383
Nigeria,NGA,1979,14.4212
Nigeria,NGA,1980,17.43337
Nigeria,NGA,1981,25.67904
Nigeria,NGA,1982,26.749
Nigeria,NGA,1983,30.31941
Nigeria,NGA,1984,29.16804
Nigeria,NGA,1985,27.63288
Nigeria,NGA,1986,32.22673
Nigeria,NGA,1987,31.91272
Nigeria,NGA,1988,38.36737
Nigeria,NGA,1989,44.4266
Nigeria,NGA,1990,42.29831
Nigeria,NGA,1991,41.26324
Nigeria,NGA,1992,44.6592
Nigeria,NGA,1993,50.89288
Nigeria,NGA,1994,46.48511
Nigeria,NGA,1995,50.5905
Nigeria,NGA,1996,56.90559
Nigeria,NGA,1997,54.80959089
Nigeria,NGA,1998,66.3022644
Nigeria,NGA,1999,47.79250371
Nigeria,NGA,2000,123.4496053
Nigeria,NGA,2001,168.1478641
Nigeria,NGA,2002,188.8510286
Nigeria,NGA,2003,235.7156184
Nigeria,NGA,2004,255.7678967
Nigeria,NGA,2005,262.1794233
Nigeria,NGA,2006,309.7547552
Nigeria,NGA,2007,385.710322
Nigeria,NGA,2008,378.514794
Nigeria,NGA,2009,272.1113114
Nigeria,NGA,2010,390.6336314
Nigeria,NGA,2011,424.7419323
Nigeria,NGA,2012,453.0723409
Nigeria,NGA,2013,378.7967886
Nigeria,NGA,2014,471.5194229
Nigeria,NGA,2015,524.066344
Nigeria,NGA,2016,469.7642797
Non-OECD,,1970,2582.628656
Non-OECD,,1971,2826.16583
Non-OECD,,1972,3026.87182
Non-OECD,,1973,3309.010039
Non-OECD,,1974,3628.276855
Non-OECD,,1975,4017.460698
Non-OECD,,1976,4451.943463
Non-OECD,,1977,4846.80749
Non-OECD,,1978,5240.477331
Non-OECD,,1979,5842.445175
Non-OECD,,1980,6110.884044
Non-OECD,,1981,6462.81561
Non-OECD,,1982,6969.760518
Non-OECD,,1983,7518.294383
Non-OECD,,1984,8326.978584
Non-OECD,,1985,9009.797921
Non-OECD,,1986,9716.265291
Non-OECD,,1987,10292.00075
Non-OECD,,1988,10950.20115
Non-OECD,,1989,11393.75009
Non-OECD,,1990,11819.10478
Non-OECD,,1991,11884.08272
Non-OECD,,1992,11859.33069
Non-OECD,,1993,11722.29991
Non-OECD,,1994,11615.9888
Non-OECD,,1995,11839.08592
Non-OECD,,1996,12402.52483
Non-OECD,,1997,12374.17481
Non-OECD,,1998,12822.6519
Non-OECD,,1999,13376.15596
Non-OECD,,2000,14108.23504
Non-OECD,,2001,14555.99779
Non-OECD,,2002,15191.69384
Non-OECD,,2003,16095.24393
Non-OECD,,2004,16996.78907
Non-OECD,,2005,17865.99873
Non-OECD,,2006,18793.02497
Non-OECD,,2007,19501.83608
Non-OECD,,2008,20296.73904
Non-OECD,,2009,19413.9184
Non-OECD,,2010,21470.83852
Non-OECD,,2011,22267.62557
Non-OECD,,2012,22557.18574
Non-OECD,,2013,23047.81058
Non-OECD,,2014,23218.81967
Non-OECD,,2015,23510.12304
Non-OECD,,2016,23760.02057
North America,,1970,7014.972232
North America,,1971,7242.483108
North America,,1972,7299.50784
North America,,1973,7348.328477
North America,,1974,7043.600894
North America,,1975,6602.485564
North America,,1976,6552.151298
North America,,1977,6622.155453
North America,,1978,6606.045568
North America,,1979,6885.523917
North America,,1980,6843.585831
North America,,1981,6775.377104
North America,,1982,6412.705178
North America,,1983,5864.144689
North America,,1984,6333.331807
North America,,1985,6081.40164
North America,,1986,5865.103263
North America,,1987,6110.232998
North America,,1988,6382.032996
North America,,1989,6502.622416
North America,,1990,6688.585969
North America,,1991,6731.760198
North America,,1992,6883.968432
North America,,1993,7093.200056
North America,,1994,7441.69424
North America,,1995,7457.643476
North America,,1996,7619.004946
North America,,1997,7680.170577
North America,,1998,7819.616486
North America,,1999,7759.505454
North America,,2000,7919.61728
North America,,2001,8106.005996
North America,,2002,7898.622127
North America,,2003,7931.911541
North America,,2004,7797.263592
North America,,2005,7772.045916
North America,,2006,7971.571936
North America,,2007,8091.107231
North America,,2008,8293.963986
North America,,2009,8360.684919
North America,,2010,8505.69132
North America,,2011,8981.187752
North America,,2012,9288.308854
North America,,2013,9374.517872
North America,,2014,9967.815235
North America,,2015,10350.3629
North America,,2016,10118.8061
Norway,NOR,1970,0
Norway,NOR,1971,0
Norway,NOR,1972,0
Norway,NOR,1973,0
Norway,NOR,1974,0
Norway,NOR,1975,0
Norway,NOR,1976,0
Norway,NOR,1977,27.7888383
Norway,NOR,1978,148.6391979
Norway,NOR,1979,216.3500116
Norway,NOR,1980,262.599414
Norway,NOR,1981,261.163394
Norway,NOR,1982,250.7897073
Norway,NOR,1983,247.1527911
Norway,NOR,1984,271.7504819
Norway,NOR,1985,274.0852404
Norway,NOR,1986,273.0809213
Norway,NOR,1987,294.6553238
Norway,NOR,1988,296.5256092
Norway,NOR,1989,300.7978304
Norway,NOR,1990,266.6934136
Norway,NOR,1991,261.9577346
Norway,NOR,1992,270.4009088
Norway,NOR,1993,259.621877
Norway,NOR,1994,280.9511109
Norway,NOR,1995,291.1249512
Norway,NOR,1996,391.4442694
Norway,NOR,1997,449.5024156
Norway,NOR,1998,462.5845014
Norway,NOR,1999,507.3437799
Norway,NOR,2000,521.2141772
Norway,NOR,2001,565.5999304
Norway,NOR,2002,686.5712885
Norway,NOR,2003,763.671692
Norway,NOR,2004,828.7652428
Norway,NOR,2005,898.5144733
Norway,NOR,2006,928.0910542
Norway,NOR,2007,945.2736605
Norway,NOR,2008,1047.854594
Norway,NOR,2009,1092.583141
Norway,NOR,2010,1122.588691
Norway,NOR,2011,1059.954509
Norway,NOR,2012,1200.802124
Norway,NOR,2013,1138.242686
Norway,NOR,2014,1139.018584
Norway,NOR,2015,1226.231062
Norway,NOR,2016,1220.96838
OECD,,1970,7880.375486
OECD,,1971,8335.605365
OECD,,1972,8659.251977
OECD,,1973,8896.268582
OECD,,1974,8784.039448
OECD,,1975,8398.558221
OECD,,1976,8474.161481
OECD,,1977,8613.15821
OECD,,1978,8663.14692
OECD,,1979,9037.031544
OECD,,1980,8960.867732
OECD,,1981,8852.21376
OECD,,1982,8330.673314
OECD,,1983,7837.242519
OECD,,1984,8354.274202
OECD,,1985,8193.107776
OECD,,1986,7936.376178
OECD,,1987,8258.926272
OECD,,1988,8432.019381
OECD,,1989,8640.55423
OECD,,1990,8856.707117
OECD,,1991,9084.056452
OECD,,1992,9289.221719
OECD,,1993,9624.337433
OECD,,1994,10052.91206
OECD,,1995,10166.94542
OECD,,1996,10687.62031
OECD,,1997,10730.57603
OECD,,1998,10874.24321
OECD,,1999,10910.12072
OECD,,2000,11153.76813
OECD,,2001,11411.31513
OECD,,2002,11275.72943
OECD,,2003,11340.36179
OECD,,2004,11341.5486
OECD,,2005,11257.26133
OECD,,2006,11408.21591
OECD,,2007,11437.9793
OECD,,2008,11764.15681
OECD,,2009,11743.62989
OECD,,2010,12014.68255
OECD,,2011,12242.49616
OECD,,2012,12620.17906
OECD,,2013,12691.96721
OECD,,2014,13215.60075
OECD,,2015,13647.93259
OECD,,2016,13606.15448
Oman,OMN,1970,0
Oman,OMN,1971,0
Oman,OMN,1972,0
Oman,OMN,1973,0
Oman,OMN,1974,0
Oman,OMN,1975,0
Oman,OMN,1976,0
Oman,OMN,1977,0
Oman,OMN,1978,4.244483013
Oman,OMN,1979,7.137781123
Oman,OMN,1980,9.061750932
Oman,OMN,1981,10.6772981
Oman,OMN,1982,11.69068678
Oman,OMN,1983,14.51055092
Oman,OMN,1984,18.2409962
Oman,OMN,1985,23.21981884
Oman,OMN,1986,27.15587921
Oman,OMN,1987,30.41634713
Oman,OMN,1988,30.60727543
Oman,OMN,1989,31.76753203
Oman,OMN,1990,34.32303392
Oman,OMN,1991,34.80769807
Oman,OMN,1992,38.0387924
Oman,OMN,1993,36.51136599
Oman,OMN,1994,38.22972071
Oman,OMN,1995,53.54804521
Oman,OMN,1996,57.89533577
Oman,OMN,1997,65.85557727
Oman,OMN,1998,68.38170557
Oman,OMN,1999,72.06809047
Oman,OMN,2000,114.6217888
Oman,OMN,2001,171.2994346
Oman,OMN,2002,184.8421993
Oman,OMN,2003,203.6260721
Oman,OMN,2004,207.202588
Oman,OMN,2005,231.5444643
Oman,OMN,2006,269.7704974
Oman,OMN,2007,273.2694105
Oman,OMN,2008,272.0497555
Oman,OMN,2009,282.6837245
Oman,OMN,2010,307.055188
Oman,OMN,2011,323.5076376
Oman,OMN,2012,336.8298863
Oman,OMN,2013,364.1320786
Oman,OMN,2014,348.4034194
Oman,OMN,2015,363.6418454
Oman,OMN,2016,370.7534175
Other Africa,,1970,1.1793
Other Africa,,1971,1.83691199
Other Africa,,1972,2.378572057
Other Africa,,1973,7.45948262
Other Africa,,1974,9.515489957
Other Africa,,1975,5.85333865
Other Africa,,1976,4.36399429
Other Africa,,1977,5.09737182
Other Africa,,1978,5.86367662
Other Africa,,1979,6.33520512
Other Africa,,1980,8.31567381
Other Africa,,1981,9.38951957
Other Africa,,1982,10.19734789
Other Africa,,1983,10.312844
Other Africa,,1984,10.11498382
Other Africa,,1985,10.50389466
Other Africa,,1986,11.27833684
Other Africa,,1987,11.28935251
Other Africa,,1988,13.50237953
Other Africa,,1989,12.30060792
Other Africa,,1990,12.31550803
Other Africa,,1991,11.81113263
Other Africa,,1992,23.97732426
Other Africa,,1993,30.19875672
Other Africa,,1994,30.56056005
Other Africa,,1995,30.17517489
Other Africa,,1996,40.4625037
Other Africa,,1997,50.02405444
Other Africa,,1998,58.61223226
Other Africa,,1999,64.96142131
Other Africa,,2000,65.05329772
Other Africa,,2001,70.83287518
Other Africa,,2002,67.09415376
Other Africa,,2003,66.90763899
Other Africa,,2004,85.77444667
Other Africa,,2005,104.2194689
Other Africa,,2006,111.1628995
Other Africa,,2007,112.5043773
Other Africa,,2008,158.1128026
Other Africa,,2009,162.6380637
Other Africa,,2010,181.8784984
Other Africa,,2011,175.7949517
Other Africa,,2012,184.3599575
Other Africa,,2013,209.3188808
Other Africa,,2014,194.8757353
Other Africa,,2015,202.1783744
Other Africa,,2016,211.9195422
Other Asia Pacific,,1970,57.52312164
Other Asia Pacific,,1971,65.00856177
Other Asia Pacific,,1972,71.01368282
Other Asia Pacific,,1973,73.57750935
Other Asia Pacific,,1974,76.38884223
Other Asia Pacific,,1975,75.1504609
Other Asia Pacific,,1976,80.01864325
Other Asia Pacific,,1977,90.19373983
Other Asia Pacific,,1978,86.53049474
Other Asia Pacific,,1979,77.20516811
Other Asia Pacific,,1980,79.60641518
Other Asia Pacific,,1981,76.38172621
Other Asia Pacific,,1982,81.14315732
Other Asia Pacific,,1983,83.64342236
Other Asia Pacific,,1984,91.88122028
Other Asia Pacific,,1985,100.3314875
Other Asia Pacific,,1986,105.2694817
Other Asia Pacific,,1987,105.0711535
Other Asia Pacific,,1988,109.6383129
Other Asia Pacific,,1989,81.92474673
Other Asia Pacific,,1990,79.8554241
Other Asia Pacific,,1991,81.71858946
Other Asia Pacific,,1992,84.29836259
Other Asia Pacific,,1993,83.28077753
Other Asia Pacific,,1994,81.01304996
Other Asia Pacific,,1995,78.44572657
Other Asia Pacific,,1996,84.87011295
Other Asia Pacific,,1997,88.09031927
Other Asia Pacific,,1998,82.33574154
Other Asia Pacific,,1999,89.09390338
Other Asia Pacific,,2000,93.0876415
Other Asia Pacific,,2001,98.4160981
Other Asia Pacific,,2002,113.2525724
Other Asia Pacific,,2003,111.4697129
Other Asia Pacific,,2004,107.1950038
Other Asia Pacific,,2005,115.7741478
Other Asia Pacific,,2006,148.3647885
Other Asia Pacific,,2007,175.9170779
Other Asia Pacific,,2008,186.2938006
Other Asia Pacific,,2009,189.6164996
Other Asia Pacific,,2010,184.5735533
Other Asia Pacific,,2011,186.4822036
Other Asia Pacific,,2012,183.6885819
Other Asia Pacific,,2013,189.6622735
Other Asia Pacific,,2014,241.4277512
Other Asia Pacific,,2015,288.4929055
Other Asia Pacific,,2016,321.9770002
Other Europe & Eurasia,,1970,147.4345437
Other Europe & Eurasia,,1971,153.6997734
Other Europe & Eurasia,,1972,161.4894887
Other Europe & Eurasia,,1973,174.2062269
Other Europe & Eurasia,,1974,178.1456098
Other Europe & Eurasia,,1975,177.0769456
Other Europe & Eurasia,,1976,182.4584844
Other Europe & Eurasia,,1977,196.9011378
Other Europe & Eurasia,,1978,208.6863817
Other Europe & Eurasia,,1979,202.428971
Other Europe & Eurasia,,1980,195.0534109
Other Europe & Eurasia,,1981,186.9745393
Other Europe & Eurasia,,1982,193.0790149
Other Europe & Eurasia,,1983,190.8426586
Other Europe & Eurasia,,1984,192.3669436
Other Europe & Eurasia,,1985,199.9793491
Other Europe & Eurasia,,1986,183.5657178
Other Europe & Eurasia,,1987,183.2633795
Other Europe & Eurasia,,1988,178.9784133
Other Europe & Eurasia,,1989,184.5784686
Other Europe & Eurasia,,1990,168.0446985
Other Europe & Eurasia,,1991,172.2159299
Other Europe & Eurasia,,1992,167.6651939
Other Europe & Eurasia,,1993,172.0799081
Other Europe & Eurasia,,1994,165.9522309
Other Europe & Eurasia,,1995,167.2009246
Other Europe & Eurasia,,1996,153.3925872
Other Europe & Eurasia,,1997,139.7429039
Other Europe & Eurasia,,1998,128.3282769
Other Europe & Eurasia,,1999,121.4233734
Other Europe & Eurasia,,2000,118.4356863
Other Europe & Eurasia,,2001,115.5631265
Other Europe & Eurasia,,2002,115.0353813
Other Europe & Eurasia,,2003,110.7112607
Other Europe & Eurasia,,2004,113.3919579
Other Europe & Eurasia,,2005,106.3130277
Other Europe & Eurasia,,2006,112.2666882
Other Europe & Eurasia,,2007,104.5007541
Other Europe & Eurasia,,2008,98.81974611
Other Europe & Eurasia,,2009,95.86242559
Other Europe & Eurasia,,2010,97.38452859
Other Europe & Eurasia,,2011,96.68892806
Other Europe & Eurasia,,2012,87.2468251
Other Europe & Eurasia,,2013,75.09693251
Other Europe & Eurasia,,2014,66.79886565
Other Europe & Eurasia,,2015,65.08514665
Other Europe & Eurasia,,2016,91.55458452
Other Middle East,,1970,1.408753405
Other Middle East,,1971,1.318650094
Other Middle East,,1972,1.303534078
Other Middle East,,1973,0.565813223
Other Middle East,,1974,0.69148363
Other Middle East,,1975,0.631908744
Other Middle East,,1976,0.608790131
Other Middle East,,1977,0.604937029
Other Middle East,,1978,0.595156078
Other Middle East,,1979,0.423841231
Other Middle East,,1980,0.020154688
Other Middle East,,1981,0.021340258
Other Middle East,,1982,0.475117128
Other Middle East,,1983,0.673107297
Other Middle East,,1984,0.587746266
Other Middle East,,1985,0.553068347
Other Middle East,,1986,0.414653064
Other Middle East,,1987,0.472449596
Other Middle East,,1988,0.433622182
Other Middle East,,1989,1.494707221
Other Middle East,,1990,1.974566628
Other Middle East,,1991,1.916770097
Other Middle East,,1992,2.023471386
Other Middle East,,1993,2.28933543
Other Middle East,,1994,3.189479358
Other Middle East,,1995,3.226824809
Other Middle East,,1996,3.040097554
Other Middle East,,1997,3.36850041
Other Middle East,,1998,3.354569964
Other Middle East,,1999,3.312482233
Other Middle East,,2000,3.153023085
Other Middle East,,2001,3.039208377
Other Middle East,,2002,2.761192241
Other Middle East,,2003,3.10085801
Other Middle East,,2004,15.55912266
Other Middle East,,2005,19.85859181
Other Middle East,,2006,26.83507775
Other Middle East,,2007,31.16122222
Other Middle East,,2008,38.11696068
Other Middle East,,2009,30.26052961
Other Middle East,,2010,35.8455589
Other Middle East,,2011,46.48662819
Other Middle East,,2012,27.80607895
Other Middle East,,2013,68.45099204
Other Middle East,,2014,80.18495403
Other Middle East,,2015,87.84231245
Other Middle East,,2016,98.54380381
Other South & Central America,,1970,7.40831
Other South & Central America,,1971,7.80373
Other South & Central America,,1972,7.50135
Other South & Central America,,1973,5.79174
Other South & Central America,,1974,6.60584
Other South & Central America,,1975,7.58276
Other South & Central America,,1976,11.79282
Other South & Central America,,1977,12.73485
Other South & Central America,,1978,14.52587
Other South & Central America,,1979,9.35052
Other South & Central America,,1980,8.3736
Other South & Central America,,1981,8.45501
Other South & Central America,,1982,8.93184
Other South & Central America,,1983,9.86224
Other South & Central America,,1984,10.39722
Other South & Central America,,1985,10.74612
Other South & Central America,,1986,9.99017
Other South & Central America,,1987,9.83898
Other South & Central America,,1988,13.15353
Other South & Central America,,1989,18.58474
Other South & Central America,,1990,25.48133
Other South & Central America,,1991,23.3176848
Other South & Central America,,1992,25.420854
Other South & Central America,,1993,21.05849111
Other South & Central America,,1994,27.38865
Other South & Central America,,1995,26.1720357
Other South & Central America,,1996,26.6651477
Other South & Central America,,1997,25.5764634
Other South & Central America,,1998,24.3605469
Other South & Central America,,1999,30.263586
Other South & Central America,,2000,33.4938185
Other South & Central America,,2001,35.1562107
Other South & Central America,,2002,32.75810329
Other South & Central America,,2003,31.04916057
Other South & Central America,,2004,31.51082688
Other South & Central America,,2005,33.81359854
Other South & Central America,,2006,37.18485644
Other South & Central America,,2007,37.8885629
Other South & Central America,,2008,36.251873
Other South & Central America,,2009,36.01315783
Other South & Central America,,2010,35.66391137
Other South & Central America,,2011,29.53601566
Other South & Central America,,2012,27.79027266
Other South & Central America,,2013,25.14737114
Other South & Central America,,2014,24.29843046
Other South & Central America,,2015,25.81128128
Other South & Central America,,2016,24.68775282
Pakistan,PAK,1970,36.48331
Pakistan,PAK,1971,36.37864
Pakistan,PAK,1972,33.71537
Pakistan,PAK,1973,38.40226
Pakistan,PAK,1974,42.48439
Pakistan,PAK,1975,47.72952
Pakistan,PAK,1976,48.67155
Pakistan,PAK,1977,53.17236
Pakistan,PAK,1978,54.63774
Pakistan,PAK,1979,61.54596
Pakistan,PAK,1980,75.15306
Pakistan,PAK,1981,81.95661
Pakistan,PAK,1982,89.38818
Pakistan,PAK,1983,88.13214
Pakistan,PAK,1984,90.43488
Pakistan,PAK,1985,92.31894
Pakistan,PAK,1986,99.01782
Pakistan,PAK,1987,106.03071
Pakistan,PAK,1988,112.41558
Pakistan,PAK,1989,119.84715
Pakistan,PAK,1990,128.01141
Pakistan,PAK,1991,138.26907
Pakistan,PAK,1992,135.65232
Pakistan,PAK,1993,156.16764
Pakistan,PAK,1994,159.20307
Pakistan,PAK,1995,163.2852
Pakistan,PAK,1996,177.41565
Pakistan,PAK,1997,176.8923
Pakistan,PAK,1998,186.3126
Pakistan,PAK,1999,212.4801
Pakistan,PAK,2000,225.0405
Pakistan,PAK,2001,237.6009
Pakistan,PAK,2002,257.59287
Pakistan,PAK,2003,320.2824313
Pakistan,PAK,2004,384.5412194
Pakistan,PAK,2005,408.7794545
Pakistan,PAK,2006,417.6706358
Pakistan,PAK,2007,423.6973321
Pakistan,PAK,2008,433.8178011
Pakistan,PAK,2009,434.9968503
Pakistan,PAK,2010,443.1037772
Pakistan,PAK,2011,442.9941119
Pakistan,PAK,2012,458.7583382
Pakistan,PAK,2013,446.0788284
Pakistan,PAK,2014,438.5696748
Pakistan,PAK,2015,439.3327847
Pakistan,PAK,2016,434.7087835
Peru,PER,1970,4.32636
Peru,PER,1971,5.16372
Peru,PER,1972,4.96601
Peru,PER,1973,4.86134
Peru,PER,1974,5.0009
Peru,PER,1975,6.17553
Peru,PER,1976,6.69888
Peru,PER,1977,6.65236
Peru,PER,1978,6.95474
Peru,PER,1979,6.43139
Peru,PER,1980,6.90822
Peru,PER,1981,7.93166
Peru,PER,1982,8.32708
Peru,PER,1983,5.48936
Peru,PER,1984,7.40831
Peru,PER,1985,5.78011
Peru,PER,1986,6.12901
Peru,PER,1987,6.09412
Peru,PER,1988,5.74522
Peru,PER,1989,4.87297
Peru,PER,1990,4.66363
Peru,PER,1991,4.37288
Peru,PER,1992,3.94257
Peru,PER,1993,4.15191
Peru,PER,1994,4.33799
Peru,PER,1995,4.19843
Peru,PER,1996,4.25658
Peru,PER,1997,2.52371
Peru,PER,1998,4.27984
Peru,PER,1999,4.3031
Peru,PER,2000,3.61693
Peru,PER,2001,3.87279
Peru,PER,2002,4.62874
Peru,PER,2003,5.47773
Peru,PER,2004,9.00162
Peru,PER,2005,15.87689065
Peru,PER,2006,18.58117347
Peru,PER,2007,28.00479094
Peru,PER,2008,36.22805148
Peru,PER,2009,37.13797636
Peru,PER,2010,75.76064988
Peru,PER,2011,118.9034704
Peru,PER,2012,124.1276099
Peru,PER,2013,127.6145455
Peru,PER,2014,135.2755902
Peru,PER,2015,130.7813986
Peru,PER,2016,146.5456248
Poland,POL,1970,51.19325
Poland,POL,1971,52.79025
Poland,POL,1972,55.84075
Poland,POL,1973,56.64775
Poland,POL,1974,54.83525
Poland,POL,1975,56.43775
Poland,POL,1976,61.4325
Poland,POL,1977,64.661
Poland,POL,1978,69.33525
Poland,POL,1979,62.208
Poland,POL,1980,52.83525
Poland,POL,1981,46.959
Poland,POL,1982,43.278
Poland,POL,1983,42.31125
Poland,POL,1984,46.4745
Poland,POL,1985,48.062
Poland,POL,1986,43.63425
Poland,POL,1987,43.837
Poland,POL,1988,43.505
Poland,POL,1989,40.28375
Poland,POL,1990,27.65525
Poland,POL,1991,30.915
Poland,POL,1992,29.7705
Poland,POL,1993,38.041
Poland,POL,1994,36.04525
Poland,POL,1995,36.858
Poland,POL,1996,36.52025
Poland,POL,1997,37.264
Poland,POL,1998,37.78125
Poland,POL,1999,36.0785
Poland,POL,2000,38.5345
Poland,POL,2001,40.61225
Poland,POL,2002,41.50925
Poland,POL,2003,41.99925
Poland,POL,2004,45.6545
Poland,POL,2005,45.175
Poland,POL,2006,45.1285
Poland,POL,2007,45.3186111
Poland,POL,2008,42.91305556
Poland,POL,2009,42.79722222
Poland,POL,2010,42.94916667
Poland,POL,2011,44.77361111
Poland,POL,2012,45.43583333
Poland,POL,2013,44.46305556
Poland,POL,2014,43.33722222
Poland,POL,2015,42.8325
Poland,POL,2016,41.31824116
Qatar,QAT,1970,10.519335
Qatar,QAT,1971,10.519335
Qatar,QAT,1972,11.545101
Qatar,QAT,1973,16.53786
Qatar,QAT,1974,13.586166
Qatar,QAT,1975,20.965401
Qatar,QAT,1976,11.450898
Qatar,QAT,1977,16.234317
Qatar,QAT,1978,15.480693
Qatar,QAT,1979,45.657054
Qatar,QAT,1980,49.624047
Qatar,QAT,1981,45.248841
Qatar,QAT,1982,52.910685
Qatar,QAT,1983,54.794745
Qatar,QAT,1984,62.06931
Qatar,QAT,1985,57.14982
Qatar,QAT,1986,60.7086
Qatar,QAT,1987,58.71987
Qatar,QAT,1988,61.33662
Qatar,QAT,1989,64.8954
Qatar,QAT,1990,65.9421
Qatar,QAT,1991,79.86321
Qatar,QAT,1992,132.09354
Qatar,QAT,1993,141.3045
Qatar,QAT,1994,141.3045
Qatar,QAT,1995,141.3045
Qatar,QAT,1996,143.3979
Qatar,QAT,1997,182.1258
Qatar,QAT,1998,204.94386
Qatar,QAT,1999,230.79735
Qatar,QAT,2000,260.6283
Qatar,QAT,2001,282.609
Qatar,QAT,2002,308.7765
Qatar,QAT,2003,328.6638
Qatar,QAT,2004,409.99239
Qatar,QAT,2005,479.3886
Qatar,QAT,2006,530.6769
Qatar,QAT,2007,661.5144
Qatar,QAT,2008,805.760127
Qatar,QAT,2009,934.7031
Qatar,QAT,2010,1372.904055
Qatar,QAT,2011,1520.555744
Qatar,QAT,2012,1643.8381
Qatar,QAT,2013,1858.9603
Qatar,QAT,2014,1821.851582
Qatar,QAT,2015,1868.066066
Qatar,QAT,2016,1897.12512
Romania,ROU,1970,244.23
Romania,ROU,1971,261.00046
Romania,ROU,1972,266.97828
Romania,ROU,1973,282.65552
Romania,ROU,1974,291.72692
Romania,ROU,1975,316.89424
Romania,ROU,1976,345.66686
Romania,ROU,1977,366.06588
Romania,ROU,1978,368.56633
Romania,ROU,1979,352.16803
Romania,ROU,1980,363.63521
Romania,ROU,1981,382.7433
Romania,ROU,1982,386.98825
Romania,ROU,1983,384.0226
Romania,ROU,1984,381.27792
Romania,ROU,1985,364.43768
Romania,ROU,1986,368.81056
Romania,ROU,1987,350.51657
Romania,ROU,1988,343.25945
Romania,ROU,1989,307.70654
Romania,ROU,1990,266.4527778
Romania,ROU,1991,233.2686111
Romania,ROU,1992,204.8233333
Romania,ROU,1993,194.9202778
Romania,ROU,1994,172.3986111
Romania,ROU,1995,168.0030556
Romania,ROU,1996,160.0755556
Romania,ROU,1997,138.4894444
Romania,ROU,1998,129.6688889
Romania,ROU,1999,130.1669444
Romania,ROU,2000,127.5591667
Romania,ROU,2001,125.3738889
Romania,ROU,2002,123.2661111
Romania,ROU,2003,121.2838889
Romania,ROU,2004,120.6897222
Romania,ROU,2005,112.8261111
Romania,ROU,2006,111.281527
Romania,ROU,2007,107.3770755
Romania,ROU,2008,105.0718979
Romania,ROU,2009,103.954415
Romania,ROU,2010,100.3083413
Romania,ROU,2011,100.7960965
Romania,ROU,2012,104.8967213
Romania,ROU,2013,100.079307
Romania,ROU,2014,101.943
Romania,ROU,2015,102.17225
Romania,ROU,2016,95.781
Russia,RUS,1985,4376.437422
Russia,RUS,1986,4764.616301
Russia,RUS,1987,5155.826347
Russia,RUS,1988,5586.820466
Russia,RUS,1989,5833.10282
Russia,RUS,1990,6176.003635
Russia,RUS,1991,6090.752051
Russia,RUS,1992,6100.224449
Russia,RUS,1993,5856.783815
Russia,RUS,1994,5752.587435
Russia,RUS,1995,5574.506348
Russia,RUS,1996,5689.122367
Russia,RUS,1997,5392.636303
Russia,RUS,1998,5575.453588
Russia,RUS,1999,5607.659742
Russia,RUS,2000,5531.880557
Russia,RUS,2001,5508.199561
Russia,RUS,2002,5639.865896
Russia,RUS,2003,5877.623091
Russia,RUS,2004,6000.764268
Russia,RUS,2005,6071.807255
Russia,RUS,2006,6229.475323
Russia,RUS,2007,6196.842911
Russia,RUS,2008,6298.197572
Russia,RUS,2009,5522.957557
Russia,RUS,2010,6163.609949
Russia,RUS,2011,6353.559003
Russia,RUS,2012,6199.334152
Russia,RUS,2013,6329.543632
Russia,RUS,2014,6089.121851
Russia,RUS,2015,6019.948716
Russia,RUS,2016,6064.491722
Saudi Arabia,SAU,1970,16.92165
Saudi Arabia,SAU,1971,14.11882
Saudi Arabia,SAU,1972,16.00288
Saudi Arabia,SAU,1973,18.8406
Saudi Arabia,SAU,1974,23.8415
Saudi Arabia,SAU,1975,28.36557
Saudi Arabia,SAU,1976,30.62179
Saudi Arabia,SAU,1977,43.08915
Saudi Arabia,SAU,1978,59.41767
Saudi Arabia,SAU,1979,72.95499
Saudi Arabia,SAU,1980,101.78576
Saudi Arabia,SAU,1981,118.67252
Saudi Arabia,SAU,1982,125.77845
Saudi Arabia,SAU,1983,122.82443
Saudi Arabia,SAU,1984,190.4994
Saudi Arabia,SAU,1985,196.7796
Saudi Arabia,SAU,1986,263.7684
Saudi Arabia,SAU,1987,280.5156
Saudi Arabia,SAU,1988,304.5897
Saudi Arabia,SAU,1989,311.9166
Saudi Arabia,SAU,1990,350.85384
Saudi Arabia,SAU,1991,368.12439
Saudi Arabia,SAU,1992,400.36275
Saudi Arabia,SAU,1993,419.09868
Saudi Arabia,SAU,1994,447.67359
Saudi Arabia,SAU,1995,449.34831
Saudi Arabia,SAU,1996,464.83947
Saudi Arabia,SAU,1997,474.57378
Saudi Arabia,SAU,1998,490.06494
Saudi Arabia,SAU,1999,483.5754
Saudi Arabia,SAU,2000,521.36127
Saudi Arabia,SAU,2001,561.97323
Saudi Arabia,SAU,2002,593.4789
Saudi Arabia,SAU,2003,628.64802
Saudi Arabia,SAU,2004,687.47256
Saudi Arabia,SAU,2005,745.66908
Saudi Arabia,SAU,2006,768.916287
Saudi Arabia,SAU,2007,778.95414
Saudi Arabia,SAU,2008,841.96548
Saudi Arabia,SAU,2009,821.13615
Saudi Arabia,SAU,2010,917.53722
Saudi Arabia,SAU,2011,965.68542
Saudi Arabia,SAU,2012,1039.68711
Saudi Arabia,SAU,2013,1047.01401
Saudi Arabia,SAU,2014,1071.61146
Saudi Arabia,SAU,2015,1093.27815
Saudi Arabia,SAU,2016,1144.851284
South & Central America,,1970,189.3936196
South & Central America,,1971,190.2929994
South & Central America,,1972,202.8919591
South & Central America,,1973,227.471779
South & Central America,,1974,234.8337281
South & Central America,,1975,239.5112679
South & Central America,,1976,273.4557076
South & Central America,,1977,293.694977
South & Central America,,1978,304.1255561
South & Central America,,1979,334.2093057
South & Central America,,1980,361.710345
South & Central America,,1981,369.8106055
South & Central America,,1982,403.3150636
South & Central America,,1983,422.6308413
South & Central America,,1984,457.3232699
South & Central America,,1985,468.1125073
South & Central America,,1986,514.6692352
South & Central America,,1987,521.9483635
South & Central America,,1988,567.1531834
South & Central America,,1989,592.647163
South & Central America,,1990,615.1884131
South & Central America,,1991,631.9475589
South & Central America,,1992,641.1034004
South & Central America,,1993,668.0890809
South & Central America,,1994,712.8909567
South & Central America,,1995,776.9622951
South & Central America,,1996,845.9641214
South & Central America,,1997,886.6849825
South & Central America,,1998,938.4426885
South & Central America,,1999,960.3587709
South & Central America,,2000,1065.710267
South & Central America,,2001,1114.123308
South & Central America,,2002,1153.59153
South & Central America,,2003,1260.887108
South & Central America,,2004,1408.175095
South & Central America,,2005,1470.639393
South & Central America,,2006,1613.074326
South & Central America,,2007,1696.992869
South & Central America,,2008,1706.437827
South & Central America,,2009,1651.599859
South & Central America,,2010,1739.500256
South & Central America,,2011,1747.257602
South & Central America,,2012,1815.46008
South & Central America,,2013,1838.528147
South & Central America,,2014,1851.526966
South & Central America,,2015,1862.946533
South & Central America,,2016,1852.658507
Syria,SYR,1970,0
Syria,SYR,1971,0
Syria,SYR,1972,0
Syria,SYR,1973,0
Syria,SYR,1974,0
Syria,SYR,1975,0
Syria,SYR,1976,0.314
Syria,SYR,1977,0.3495
Syria,SYR,1978,0.337
Syria,SYR,1979,0.3475
Syria,SYR,1980,0.46775
Syria,SYR,1981,0.472
Syria,SYR,1982,0.4925
Syria,SYR,1983,0.7475
Syria,SYR,1984,1.2625
Syria,SYR,1985,1.5
Syria,SYR,1986,3.79275
Syria,SYR,1987,3.73425
Syria,SYR,1988,8.8335
Syria,SYR,1989,14.45925
Syria,SYR,1990,15.92175
Syria,SYR,1991,18.5835
Syria,SYR,1992,19.222
Syria,SYR,1993,19.025
Syria,SYR,1994,20.623
Syria,SYR,1995,26.0055
Syria,SYR,1996,27.7095
Syria,SYR,1997,42.978
Syria,SYR,1998,54.19375
Syria,SYR,1999,53.7225
Syria,SYR,2000,53.7225
Syria,SYR,2001,55.042
Syria,SYR,2002,60.8855
Syria,SYR,2003,64.56125
Syria,SYR,2004,59.3775
Syria,SYR,2005,57.4925
Syria,SYR,2006,58.90625
Syria,SYR,2007,56.55
Syria,SYR,2008,55.6075
Syria,SYR,2009,61.35675
Syria,SYR,2010,84.2595
Syria,SYR,2011,74.17475
Syria,SYR,2012,60.79125
Syria,SYR,2013,49.9525
Syria,SYR,2014,46.1825
Syria,SYR,2015,42.554
Syria,SYR,2016,37.70594838
Thailand,THA,1970,0
Thailand,THA,1971,0
Thailand,THA,1972,0
Thailand,THA,1973,0
Thailand,THA,1974,0
Thailand,THA,1975,0
Thailand,THA,1976,0
Thailand,THA,1977,0
Thailand,THA,1978,0
Thailand,THA,1979,0
Thailand,THA,1980,0
Thailand,THA,1981,2.756449961
Thailand,THA,1982,14.04900303
Thailand,THA,1983,16.53869977
Thailand,THA,1984,24.68949266
Thailand,THA,1985,32.45497535
Thailand,THA,1986,37.43982922
Thailand,THA,1987,52.30878996
Thailand,THA,1988,61.99859876
Thailand,THA,1989,61.93617462
Thailand,THA,1990,67.49866353
Thailand,THA,1991,83.65127556
Thailand,THA,1992,89.24365772
Thailand,THA,1993,100.4457132
Thailand,THA,1994,111.0358364
Thailand,THA,1995,117.5610637
Thailand,THA,1996,135.9035028
Thailand,THA,1997,167.3025511
Thailand,THA,1998,181.6366572
Thailand,THA,1999,198.9659495
Thailand,THA,2000,208.9502948
Thailand,THA,2001,203.2447872
Thailand,THA,2002,212.4442881
Thailand,THA,2003,222.1786437
Thailand,THA,2004,231.4757372
Thailand,THA,2005,245.1773959
Thailand,THA,2006,251.7026233
Thailand,THA,2007,269.0319157
Thailand,THA,2008,297.9794245
Thailand,THA,2009,319.8431124
Thailand,THA,2010,375.0401178
Thailand,THA,2011,382.6350546
Thailand,THA,2012,428.6269907
Thailand,THA,2013,432.5904839
Thailand,THA,2014,435.6926411
Thailand,THA,2015,411.8381214
Thailand,THA,2016,403.956268
Trinidad and Tobago,TTO,1970,19.11972
Trinidad and Tobago,TTO,1971,18.635
Trinidad and Tobago,TTO,1972,19.26075
Trinidad and Tobago,TTO,1973,18.498
Trinidad and Tobago,TTO,1974,16.89975
Trinidad and Tobago,TTO,1975,15.35975
Trinidad and Tobago,TTO,1976,17.28825
Trinidad and Tobago,TTO,1977,20.3215
Trinidad and Tobago,TTO,1978,24.26025
Trinidad and Tobago,TTO,1979,25.0765
Trinidad and Tobago,TTO,1980,28.3325
Trinidad and Tobago,TTO,1981,31.2095
Trinidad and Tobago,TTO,1982,37.93125
Trinidad and Tobago,TTO,1983,39.29725
Trinidad and Tobago,TTO,1984,41.176
Trinidad and Tobago,TTO,1985,42.152
Trinidad and Tobago,TTO,1986,43.1345
Trinidad and Tobago,TTO,1987,45.6935
Trinidad and Tobago,TTO,1988,52.59425
Trinidad and Tobago,TTO,1989,52.69475
Trinidad and Tobago,TTO,1990,54.63375
Trinidad and Tobago,TTO,1991,59.57488626
Trinidad and Tobago,TTO,1992,57.56905023
Trinidad and Tobago,TTO,1993,64.61355823
Trinidad and Tobago,TTO,1994,74.00327165
Trinidad and Tobago,TTO,1995,79.44503738
Trinidad and Tobago,TTO,1996,89.70304735
Trinidad and Tobago,TTO,1997,97.34403038
Trinidad and Tobago,TTO,1998,97.34403038
Trinidad and Tobago,TTO,1999,122.7790835
Trinidad and Tobago,TTO,2000,162.5024867
Trinidad and Tobago,TTO,2001,173.3095476
Trinidad and Tobago,TTO,2002,201.5453728
Trinidad and Tobago,TTO,2003,282.5746182
Trinidad and Tobago,TTO,2004,316.1096437
Trinidad and Tobago,TTO,2005,345.8618126
Trinidad and Tobago,TTO,2006,419.9673307
Trinidad and Tobago,TTO,2007,441.7121616
Trinidad and Tobago,TTO,2008,439.2340245
Trinidad and Tobago,TTO,2009,456.5332653
Trinidad and Tobago,TTO,2010,468.4334215
Trinidad and Tobago,TTO,2011,451.0159201
Trinidad and Tobago,TTO,2012,447.1530375
Trinidad and Tobago,TTO,2013,448.4195224
Trinidad and Tobago,TTO,2014,440.4139628
Trinidad and Tobago,TTO,2015,414.6663521
Trinidad and Tobago,TTO,2016,360.9117312
Turkmenistan,TKM,1985,788.0088074
Turkmenistan,TKM,1986,802.3121287
Turkmenistan,TKM,1987,834.5182826
Turkmenistan,TKM,1988,836.4127622
Turkmenistan,TKM,1989,851.5685994
Turkmenistan,TKM,1990,831.6765631
Turkmenistan,TKM,1991,798.5231694
Turkmenistan,TKM,1992,569.2911326
Turkmenistan,TKM,1993,618.5476033
Turkmenistan,TKM,1994,338.164544
Turkmenistan,TKM,1995,305.9584623
Turkmenistan,TKM,1996,333.4258176
Turkmenistan,TKM,1997,163.8696729
Turkmenistan,TKM,1998,125.9824269
Turkmenistan,TKM,1999,215.9730982
Turkmenistan,TKM,2000,445.2033478
Turkmenistan,TKM,2001,485.9338298
Turkmenistan,TKM,2002,506.7729433
Turkmenistan,TKM,2003,559.6861208
Turkmenistan,TKM,2004,552.2408158
Turkmenistan,TKM,2005,596.7610874
Turkmenistan,TKM,2006,631.8089608
Turkmenistan,TKM,2007,684.8543908
Turkmenistan,TKM,2008,691.4850696
Turkmenistan,TKM,2009,380.7904082
Turkmenistan,TKM,2010,443.3082364
Turkmenistan,TKM,2011,623.2932748
Turkmenistan,TKM,2012,651.9647655
Turkmenistan,TKM,2013,652.6167302
Turkmenistan,TKM,2014,702.4295889
Turkmenistan,TKM,2015,728.2449268
Turkmenistan,TKM,2016,699.1074844
USSR,OWID_USS,1970,1875.013864
USSR,OWID_USS,1971,2011.93738
USSR,OWID_USS,1972,2097.188964
USSR,OWID_USS,1973,2238.327698
USSR,OWID_USS,1974,2468.506974
USSR,OWID_USS,1975,2740.061686
USSR,OWID_USS,1976,3040.194625
USSR,OWID_USS,1977,3277.4782
USSR,OWID_USS,1978,3525.569781
USSR,OWID_USS,1979,3851.448695
USSR,OWID_USS,1980,4122.387702
USSR,OWID_USS,1981,4407.506889
USSR,OWID_USS,1982,4742.829785
USSR,OWID_USS,1983,5074.363723
USSR,OWID_USS,1984,5564.08671
Ukraine,UKR,1985,406.1764354
Ukraine,UKR,1986,376.0542091
Ukraine,UKR,1987,337.2173764
Ukraine,UKR,1988,306.9057021
Ukraine,UKR,1989,291.749865
Ukraine,UKR,1990,266.1743898
Ukraine,UKR,1991,231.1265164
Ukraine,UKR,1992,198.9203625
Ukraine,UKR,1993,181.8700457
Ukraine,UKR,1994,172.3976475
Ukraine,UKR,1995,172.3993805
Ukraine,UKR,1996,174.2948711
Ukraine,UKR,1997,176.8786052
Ukraine,UKR,1998,170.2105402
Ukraine,UKR,1999,171.5644621
Ukraine,UKR,2000,169.3981871
Ukraine,UKR,2001,173.3471258
Ukraine,UKR,2002,178.0810864
Ukraine,UKR,2003,183.7645253
Ukraine,UKR,2004,192.2896837
Ukraine,UKR,2005,194.1841634
Ukraine,UKR,2006,196.078643
Ukraine,UKR,2007,196.078643
Ukraine,UKR,2008,198.9203625
Ukraine,UKR,2009,201.7620819
Ukraine,UKR,2010,193.8052674
Ukraine,UKR,2011,196.078643
Ukraine,UKR,2012,194.1841634
Ukraine,UKR,2013,201.7620819
Ukraine,UKR,2014,190.3952041
Ukraine,UKR,2015,187.5534846
Ukraine,UKR,2016,186.0852629
United Arab Emirates,ARE,1970,8.7225
United Arab Emirates,ARE,1971,15.39812
United Arab Emirates,ARE,1972,15.63072
United Arab Emirates,ARE,1973,18.16606
United Arab Emirates,ARE,1974,18.18932
United Arab Emirates,ARE,1975,17.37522
United Arab Emirates,ARE,1976,20.30598
United Arab Emirates,ARE,1977,40.8213
United Arab Emirates,ARE,1978,59.76657
United Arab Emirates,ARE,1979,63.95337
United Arab Emirates,ARE,1980,78.71184
United Arab Emirates,ARE,1981,92.73762
United Arab Emirates,ARE,1982,99.4365
United Arab Emirates,ARE,1983,87.50412
United Arab Emirates,ARE,1984,115.137
United Arab Emirates,ARE,1985,138.47841
United Arab Emirates,ARE,1986,159.30774
United Arab Emirates,ARE,1987,176.78763
United Arab Emirates,ARE,1988,181.70712
United Arab Emirates,ARE,1989,213.31746
United Arab Emirates,ARE,1990,210.49137
United Arab Emirates,ARE,1991,249.21927
United Arab Emirates,ARE,1992,232.05339
United Arab Emirates,ARE,1993,240.63633
United Arab Emirates,ARE,1994,281.14362
United Arab Emirates,ARE,1995,327.82644
United Arab Emirates,ARE,1996,353.7846
United Arab Emirates,ARE,1997,380.05677
United Arab Emirates,ARE,1998,388.01169
United Arab Emirates,ARE,1999,402.87483
United Arab Emirates,ARE,2000,401.72346
United Arab Emirates,ARE,2001,470.38698
United Arab Emirates,ARE,2002,454.16313
United Arab Emirates,ARE,2003,468.81693
United Arab Emirates,ARE,2004,484.51743
United Arab Emirates,ARE,2005,500.21793
United Arab Emirates,ARE,2006,510.68493
United Arab Emirates,ARE,2007,526.38543
United Arab Emirates,ARE,2008,525.86208
United Arab Emirates,ARE,2009,511.20828
United Arab Emirates,ARE,2010,536.768694
United Arab Emirates,ARE,2011,547.507836
United Arab Emirates,ARE,2012,568.3581
United Arab Emirates,ARE,2013,571.4982
United Arab Emirates,ARE,2014,567.7781616
United Arab Emirates,ARE,2015,629.9140283
United Arab Emirates,ARE,2016,647.5077891
United Kingdom,GBR,1970,109.49645
United Kingdom,GBR,1971,181.96298
United Kingdom,GBR,1972,262.55888
United Kingdom,GBR,1973,285.07456
United Kingdom,GBR,1974,343.80606
United Kingdom,GBR,1975,358.00629
United Kingdom,GBR,1976,379.12637
United Kingdom,GBR,1977,396.12943
United Kingdom,GBR,1978,379.33571
United Kingdom,GBR,1979,383.04568
United Kingdom,GBR,1980,364.14693
United Kingdom,GBR,1981,363.33283
United Kingdom,GBR,1982,369.28739
United Kingdom,GBR,1983,380.77783
United Kingdom,GBR,1984,372.24141
United Kingdom,GBR,1985,415.31893
United Kingdom,GBR,1986,436.64835
United Kingdom,GBR,1987,457.14041
United Kingdom,GBR,1988,440.23039
United Kingdom,GBR,1989,431.11247
United Kingdom,GBR,1990,476.03916
United Kingdom,GBR,1991,530.02562
United Kingdom,GBR,1992,538.99235
United Kingdom,GBR,1993,633.69544
United Kingdom,GBR,1994,676.54036
United Kingdom,GBR,1995,740.5866816
United Kingdom,GBR,1996,880.7662094
United Kingdom,GBR,1997,898.6704316
United Kingdom,GBR,1998,943.7163384
United Kingdom,GBR,1999,1037.125249
United Kingdom,GBR,2000,1134.355347
United Kingdom,GBR,2001,1107.679046
United Kingdom,GBR,2002,1084.436864
United Kingdom,GBR,2003,1077.431469
United Kingdom,GBR,2004,1008.583923
United Kingdom,GBR,2005,922.8750274
United Kingdom,GBR,2006,836.956225
United Kingdom,GBR,2007,754.4188348
United Kingdom,GBR,2008,728.8156722
United Kingdom,GBR,2009,624.6813545
United Kingdom,GBR,2010,598.0255316
United Kingdom,GBR,2011,473.5126528
United Kingdom,GBR,2012,406.9578665
United Kingdom,GBR,2013,381.8067202
United Kingdom,GBR,2014,385.0749878
United Kingdom,GBR,2015,414.3153191
United Kingdom,GBR,2016,429.1464663
United States,USA,1970,6349.581093
United States,USA,1971,6529.562192
United States,USA,1972,6508.388979
United States,USA,1973,6502.470116
United States,USA,1974,6216.079894
United States,USA,1975,5756.016342
United States,USA,1976,5709.117937
United States,USA,1977,5734.029564
United States,USA,1978,5710.553985
United States,USA,1979,5883.7965
United States,USA,1980,5834.341637
United States,USA,1981,5773.252437
United States,USA,1982,5368.776261
United States,USA,1983,4863.042272
United States,USA,1984,5277.604196
United States,USA,1985,4976.458139
United States,USA,1986,4847.630251
United States,USA,1987,5022.012813
United States,USA,1988,5157.639656
United States,USA,1989,5230.519984
United States,USA,1990,5370.865858
United States,USA,1991,5342.315167
United States,USA,1992,5385.210222
United States,USA,1993,5446.443612
United States,USA,1994,5670.342876
United States,USA,1995,5592.453963
United States,USA,1996,5669.245324
United States,USA,1997,5683.776667
United States,USA,1998,5748.089355
United States,USA,1999,5668.200526
United States,USA,2000,5762.225345
United States,USA,2001,5909.944301
United States,USA,2002,5680.319601
United States,USA,2003,5753.953414
United States,USA,2004,5590.112033
United States,USA,2005,5438.231174
United States,USA,2006,5574.711734
United States,USA,2007,5798.765446
United States,USA,2008,6067.41637
United States,USA,2009,6195.361234
United States,USA,2010,6390.638298
United States,USA,2011,6859.539409
United States,USA,2012,7212.498087
United States,USA,2013,7285.474835
United States,USA,2014,7830.294247
United States,USA,2015,8223.780551
United States,USA,2016,8034.067441
Uzbekistan,UZB,1985,327.6502542
Uzbekistan,UZB,1986,365.634571
Uzbekistan,UZB,1987,377.0014489
Uzbekistan,UZB,1988,377.9486887
Uzbekistan,UZB,1989,389.3155666
Uzbekistan,UZB,1990,386.4738471
Uzbekistan,UZB,1991,396.7220347
Uzbekistan,UZB,1992,405.4470607
Uzbekistan,UZB,1993,426.5856646
Uzbekistan,UZB,1994,446.9172201
Uzbekistan,UZB,1995,459.9607124
Uzbekistan,UZB,1996,463.9296473
Uzbekistan,UZB,1997,485.403574
Uzbekistan,UZB,1998,518.9926981
Uzbekistan,UZB,1999,526.4853651
Uzbekistan,UZB,2000,534.3853452
Uzbekistan,UZB,2001,543.848271
Uzbekistan,UZB,2002,543.4599027
Uzbekistan,UZB,2003,544.5397561
Uzbekistan,UZB,2004,567.065119
Uzbekistan,UZB,2005,565.3695598
Uzbekistan,UZB,2006,592.8774042
Uzbekistan,UZB,2007,609.0752051
Uzbekistan,UZB,2008,604.6610675
Uzbekistan,UZB,2009,581.6810295
Uzbekistan,UZB,2010,569.4048014
Uzbekistan,UZB,2011,596.7610874
Uzbekistan,UZB,2012,595.8138476
Uzbekistan,UZB,2013,595.4078877
Uzbekistan,UZB,2014,599.6608012
Uzbekistan,UZB,2015,604.4580891
Uzbekistan,UZB,2016,656.9652741
Venezuela,VEN,1970,80.70057
Venezuela,VEN,1971,78.21175
Venezuela,VEN,1972,77.73492
Venezuela,VEN,1973,95.76142
Venezuela,VEN,1974,101.20426
Venezuela,VEN,1975,98.43632
Venezuela,VEN,1976,122.02196
Venezuela,VEN,1977,133.19839
Venezuela,VEN,1978,134.40791
Venezuela,VEN,1979,150.53872
Venezuela,VEN,1980,154.96975
Venezuela,VEN,1981,155.80711
Venezuela,VEN,1982,166.25085
Venezuela,VEN,1983,163.70388
Venezuela,VEN,1984,181.0791
Venezuela,VEN,1985,181.34659
Venezuela,VEN,1986,199.65221
Venezuela,VEN,1987,194.54664
Venezuela,VEN,1988,199.16375
Venezuela,VEN,1989,204.50192
Venezuela,VEN,1990,229.91347
Venezuela,VEN,1991,229.25056
Venezuela,VEN,1992,226.27328
Venezuela,VEN,1993,244.18348
Venezuela,VEN,1994,258.27904
Venezuela,VEN,1995,287.85413
Venezuela,VEN,1996,311.19554
Venezuela,VEN,1997,322.69761
Venezuela,VEN,1998,338.45626
Venezuela,VEN,1999,286.90047
Venezuela,VEN,2000,292.28516
Venezuela,VEN,2001,309.75342
Venezuela,VEN,2002,297.42562
Venezuela,VEN,2003,264.019608
Venezuela,VEN,2004,297.315135
Venezuela,VEN,2005,286.994673
Venezuela,VEN,2006,329.522094
Venezuela,VEN,2007,379.093806
Venezuela,VEN,2008,342.930321
Venezuela,VEN,2009,324.613071
Venezuela,VEN,2010,320.4904441
Venezuela,VEN,2011,288.899667
Venezuela,VEN,2012,308.535759
Venezuela,VEN,2013,297.6344429
Venezuela,VEN,2014,299.753946
Venezuela,VEN,2015,339.371541
Venezuela,VEN,2016,358.9631605
Vietnam,VNM,1970,0
Vietnam,VNM,1971,0
Vietnam,VNM,1972,0
Vietnam,VNM,1973,0
Vietnam,VNM,1974,0
Vietnam,VNM,1975,0
Vietnam,VNM,1976,0
Vietnam,VNM,1977,0
Vietnam,VNM,1978,0
Vietnam,VNM,1979,0
Vietnam,VNM,1980,0
Vietnam,VNM,1981,0.10467
Vietnam,VNM,1982,0.19771
Vietnam,VNM,1983,0.68617
Vietnam,VNM,1984,0.59313
Vietnam,VNM,1985,0.37216
Vietnam,VNM,1986,0.38379
Vietnam,VNM,1987,0.38379
Vietnam,VNM,1988,0.29075
Vietnam,VNM,1989,0.3489
Vietnam,VNM,1990,0.41868
Vietnam,VNM,1991,0.75595
Vietnam,VNM,1992,2.19807
Vietnam,VNM,1993,2.61675
Vietnam,VNM,1994,2.61675
Vietnam,VNM,1995,1.52353
Vietnam,VNM,1996,3.00054
Vietnam,VNM,1997,5.55914
Vietnam,VNM,1998,9.4203
Vietnam,VNM,1999,13.6071
Vietnam,VNM,2000,16.7472
Vietnam,VNM,2001,20.934
Vietnam,VNM,2002,25.1208
Vietnam,VNM,2003,24.84168
Vietnam,VNM,2004,43.54272
Vietnam,VNM,2005,67.40748
Vietnam,VNM,2006,73.269
Vietnam,VNM,2007,74.10636
Vietnam,VNM,2008,78.492033
Vietnam,VNM,2009,83.84067
Vietnam,VNM,2010,98.410734
Vietnam,VNM,2011,88.76016
Vietnam,VNM,2012,97.918785
Vietnam,VNM,2013,102.063717
Vietnam,VNM,2014,106.86807
Vietnam,VNM,2015,111.57822
Vietnam,VNM,2016,112.0994766
World,OWID_WRL,1970,10463.00414
World,OWID_WRL,1971,11161.7712
World,OWID_WRL,1972,11686.1238
World,OWID_WRL,1973,12205.27862
World,OWID_WRL,1974,12412.3163
World,OWID_WRL,1975,12416.01892
World,OWID_WRL,1976,12926.10494
World,OWID_WRL,1977,13459.9657
World,OWID_WRL,1978,13903.62425
World,OWID_WRL,1979,14879.47672
World,OWID_WRL,1980,15071.75178
World,OWID_WRL,1981,15315.02937
World,OWID_WRL,1982,15300.43383
World,OWID_WRL,1983,15355.5369
World,OWID_WRL,1984,16681.25279
World,OWID_WRL,1985,17202.9057
World,OWID_WRL,1986,17652.64147
World,OWID_WRL,1987,18550.92702
World,OWID_WRL,1988,19382.22053
World,OWID_WRL,1989,20034.30433
World,OWID_WRL,1990,20675.8119
World,OWID_WRL,1991,20968.13917
World,OWID_WRL,1992,21148.55241
World,OWID_WRL,1993,21346.63734
World,OWID_WRL,1994,21668.90086
World,OWID_WRL,1995,22006.03134
World,OWID_WRL,1996,23090.14514
World,OWID_WRL,1997,23104.75084
World,OWID_WRL,1998,23696.89511
World,OWID_WRL,1999,24286.27668
World,OWID_WRL,2000,25262.00317
World,OWID_WRL,2001,25967.31291
World,OWID_WRL,2002,26467.42328
World,OWID_WRL,2003,27435.60572
World,OWID_WRL,2004,28338.33768
World,OWID_WRL,2005,29123.26006
World,OWID_WRL,2006,30201.24088
World,OWID_WRL,2007,30939.81538
World,OWID_WRL,2008,32060.89585
World,OWID_WRL,2009,31157.54829
World,OWID_WRL,2010,33485.52107
World,OWID_WRL,2011,34510.12174
World,OWID_WRL,2012,35177.3648
World,OWID_WRL,2013,35739.77778
World,OWID_WRL,2014,36434.42043
World,OWID_WRL,2015,37158.05563
World,OWID_WRL,2016,37366.17505
Yemen,YEM,1970,0
Yemen,YEM,1971,0
Yemen,YEM,1972,0
Yemen,YEM,1973,0
Yemen,YEM,1974,0
Yemen,YEM,1975,0
Yemen,YEM,1976,0
Yemen,YEM,1977,0
Yemen,YEM,1978,0
Yemen,YEM,1979,0
Yemen,YEM,1980,0
Yemen,YEM,1981,0
Yemen,YEM,1982,0
Yemen,YEM,1983,0
Yemen,YEM,1984,0
Yemen,YEM,1985,0
Yemen,YEM,1986,0
Yemen,YEM,1987,0
Yemen,YEM,1988,0
Yemen,YEM,1989,0
Yemen,YEM,1990,0
Yemen,YEM,1991,0
Yemen,YEM,1992,0
Yemen,YEM,1993,0
Yemen,YEM,1994,0
Yemen,YEM,1995,0
Yemen,YEM,1996,0
Yemen,YEM,1997,0
Yemen,YEM,1998,0
Yemen,YEM,1999,0
Yemen,YEM,2000,0
Yemen,YEM,2001,0
Yemen,YEM,2002,0
Yemen,YEM,2003,0
Yemen,YEM,2004,0
Yemen,YEM,2005,0
Yemen,YEM,2006,0
Yemen,YEM,2007,0
Yemen,YEM,2008,0
Yemen,YEM,2009,7.819
Yemen,YEM,2010,62.553
Yemen,YEM,2011,94.23025
Yemen,YEM,2012,76.169
Yemen,YEM,2013,103.52975
Yemen,YEM,2014,97.61675
Yemen,YEM,2015,28.6035
Yemen,YEM,2016,7.61939785